Resume Text,Category
Cloud Engineer skilled in AWS Azure Docker Kubernetes Terraform and Linux REST API GitHub,Cloud Engineer
Developed ML models for classification regression NLP and computer vision software development lifecycle,Machine Learning Engineer
Cybersecurity professional working with firewalls IDS vulnerability scanning and Linux deployment and version control,Cybersecurity Analyst
Cybersecurity analyst skilled in ethical hacking network security and threat analysis problem solving and debugging,Cybersecurity Analyst
Python OOP scripting REST services unit testing Docker Linux software development lifecycle,Python Developer
Machine learning engineer using Python Scikit-learn TensorFlow and cloud deployment problem solving and debugging,Machine Learning Engineer
Django REST Framework developer with JWT authentication and API integration software development lifecycle,Django Developer
Designed scalable cloud environments using AWS infrastructure automation and security problem solving and debugging,Cloud Engineer
Analyzed datasets and developed predictive solutions using statistics and Python problem solving and debugging,Data Scientist
Machine learning engineer using Python Scikit-learn TensorFlow and cloud deployment problem solving and debugging,Machine Learning Engineer
Java developer skilled in Spring Boot Hibernate Maven MySQL REST API REST API GitHub,Java Developer
Experienced with MySQL Oracle SQL database optimization and schema design deployment and version control,Database Developer
Analyzed business data using Excel SQL Power BI dashboards and reports unit testing Agile,Data Analyst
Experienced in Android Studio Java Kotlin API integration and mobile UI development deployment and version control,Android Developer
Experienced with React TypeScript Redux Tailwind CSS and API integration deployment and version control,React Developer
Experienced with deep learning TensorFlow PyTorch APIs Docker and model serving deployment and version control,Machine Learning Engineer
Designed scalable cloud environments using AWS infrastructure automation and security problem solving and debugging,Cloud Engineer
Developed Python web applications with Flask Django Redis and MySQL problem solving and debugging,Python Developer
Experienced with React TypeScript Redux Tailwind CSS and API integration deployment and version control,React Developer
Built predictive models using Python machine learning Pandas and statistical analysis unit testing Agile,Data Scientist
Built interactive dashboards using Power BI Excel SQL and Tableau software development lifecycle,Data Analyst
Designed scalable cloud environments using AWS infrastructure automation and security problem solving and debugging,Cloud Engineer
Data Scientist skilled in Python Pandas NumPy Scikit-learn statistics and visualization REST API GitHub,Data Scientist
Data Analyst skilled in SQL Excel Power BI Tableau and data visualization REST API GitHub,Data Analyst
Mobile developer skilled in Android SDK Kotlin Java REST API and debugging problem solving and debugging,Android Developer
Experienced with deep learning TensorFlow PyTorch APIs Docker and model serving deployment and version control,Machine Learning Engineer
Built Android applications using Kotlin Firebase SQLite and Material Design unit testing Agile,Android Developer
DevOps engineer working with Terraform AWS Docker Kubernetes and GitHub Actions software development lifecycle,DevOps Engineer
Data Scientist skilled in Python Pandas NumPy Scikit-learn statistics and visualization REST API GitHub,Data Scientist
Designed scalable cloud environments using AWS infrastructure automation and security problem solving and debugging,Cloud Engineer
Experienced in Android Studio Java Kotlin API integration and mobile UI development deployment and version control,Android Developer
Designed user interfaces using Figma wireframing prototyping and usability testing unit testing Agile,UI UX Designer
Managed cloud infrastructure using AWS EC2 S3 IAM VPC and Terraform unit testing Agile,Cloud Engineer
Experienced with deep learning TensorFlow PyTorch APIs Docker and model serving deployment and version control,Machine Learning Engineer
Experienced in threat detection incident response penetration testing and security tools unit testing Agile,Cybersecurity Analyst
Analyzed datasets and developed predictive solutions using statistics and Python problem solving and debugging,Data Scientist
DevOps Engineer skilled in AWS Docker Kubernetes Jenkins Linux and CI/CD REST API GitHub,DevOps Engineer
React developer skilled in JavaScript TypeScript Redux React Router and REST APIs REST API GitHub,React Developer
Python OOP scripting REST services unit testing Docker Linux software development lifecycle,Python Developer
Data analyst with skills in SQL spreadsheets KPIs reporting and visualization problem solving and debugging,Data Analyst
Python developer experienced with FastAPI Flask APIs SQL Git GitHub unit testing Agile,Python Developer
Created modern user interfaces using HTML CSS JavaScript and responsive layouts software development lifecycle,Frontend Developer
Managed cloud infrastructure using AWS EC2 S3 IAM VPC and Terraform unit testing Agile,Cloud Engineer
Developed Java applications using OOP JDBC Servlet JSP and PostgreSQL unit testing Agile,Java Developer
Data analyst with skills in SQL spreadsheets KPIs reporting and visualization problem solving and debugging,Data Analyst
Cloud engineer working with AWS Kubernetes Docker Terraform and CI/CD software development lifecycle,Cloud Engineer
Java developer skilled in Spring Boot Hibernate Maven MySQL REST API REST API GitHub,Java Developer
Developed Java applications using OOP JDBC Servlet JSP and PostgreSQL unit testing Agile,Java Developer
Cloud Engineer skilled in AWS Azure Docker Kubernetes Terraform and Linux REST API GitHub,Cloud Engineer
Experienced with Django ORM authentication middleware templates and REST framework unit testing Agile,Django Developer
Analyzed business data using Excel SQL Power BI dashboards and reports unit testing Agile,Data Analyst
Designed user interfaces using Figma wireframing prototyping and usability testing unit testing Agile,UI UX Designer
Python OOP scripting REST services unit testing Docker Linux software development lifecycle,Python Developer
Java developer skilled in Spring Boot Hibernate Maven MySQL REST API REST API GitHub,Java Developer
Experienced in data cleaning SQL reporting visualization and business intelligence deployment and version control,Data Analyst
DevOps engineer working with Terraform AWS Docker Kubernetes and GitHub Actions software development lifecycle,DevOps Engineer
Developed Android apps with Kotlin Jetpack Room database and Firebase software development lifecycle,Android Developer
Experienced in Azure cloud services containers networking monitoring and automation deployment and version control,Cloud Engineer
Frontend developer skilled in HTML CSS JavaScript Bootstrap and responsive design REST API GitHub,Frontend Developer
DevOps Engineer skilled in AWS Docker Kubernetes Jenkins Linux and CI/CD REST API GitHub,DevOps Engineer
DevOps Engineer skilled in AWS Docker Kubernetes Jenkins Linux and CI/CD REST API GitHub,DevOps Engineer
Developed server-side applications using Python APIs databases authentication and Docker unit testing Agile,Backend Developer
Android developer skilled in Kotlin Java Android Studio Firebase and REST APIs REST API GitHub,Android Developer
Built predictive models using Python machine learning Pandas and statistical analysis unit testing Agile,Data Scientist
Analyzed datasets and developed predictive solutions using statistics and Python problem solving and debugging,Data Scientist
Experienced in threat detection incident response penetration testing and security tools unit testing Agile,Cybersecurity Analyst
Developed server-side applications using Python APIs databases authentication and Docker unit testing Agile,Backend Developer
Python developer experienced with FastAPI Flask APIs SQL Git GitHub unit testing Agile,Python Developer
Built responsive websites using HTML CSS JavaScript React and Tailwind CSS unit testing Agile,Frontend Developer
Python developer experienced with FastAPI Flask APIs SQL Git GitHub unit testing Agile,Python Developer
Python OOP scripting REST services unit testing Docker Linux software development lifecycle,Python Developer
Backend engineer skilled in REST APIs PostgreSQL authentication caching and Git deployment and version control,Backend Developer
Machine learning engineer using Python Scikit-learn TensorFlow and cloud deployment problem solving and debugging,Machine Learning Engineer
Built responsive websites using HTML CSS JavaScript React and Tailwind CSS unit testing Agile,Frontend Developer
Experienced with deep learning TensorFlow PyTorch APIs Docker and model serving deployment and version control,Machine Learning Engineer
Performed security monitoring risk assessment log analysis and incident investigation software development lifecycle,Cybersecurity Analyst
Developed single page applications using React JavaScript and modern frontend tools software development lifecycle,React Developer
Performed security monitoring risk assessment log analysis and incident investigation software development lifecycle,Cybersecurity Analyst
Developed scalable Django applications with Celery Redis PostgreSQL and Docker problem solving and debugging,Django Developer
Performed security monitoring risk assessment log analysis and incident investigation software development lifecycle,Cybersecurity Analyst
Managed cloud infrastructure using AWS EC2 S3 IAM VPC and Terraform unit testing Agile,Cloud Engineer
Machine learning engineer using Python Scikit-learn TensorFlow and cloud deployment problem solving and debugging,Machine Learning Engineer
Built enterprise Java applications using Hibernate REST APIs and MySQL software development lifecycle,Java Developer
Database Developer skilled in MySQL PostgreSQL SQL queries normalization and indexing REST API GitHub,Database Developer
Developed Java applications using OOP JDBC Servlet JSP and PostgreSQL unit testing Agile,Java Developer
Designed scalable cloud environments using AWS infrastructure automation and security problem solving and debugging,Cloud Engineer
Experienced in threat detection incident response penetration testing and security tools unit testing Agile,Cybersecurity Analyst
Backend developer experienced with Node.js Express REST API MongoDB and SQL REST API GitHub,Backend Developer
Experienced in cloud deployment infrastructure automation monitoring and Linux deployment and version control,DevOps Engineer
Developed Python web applications with Flask Django Redis and MySQL problem solving and debugging,Python Developer
React developer using reusable components state management and REST API integration problem solving and debugging,React Developer
Skilled in browser development DOM manipulation JavaScript CSS and accessibility problem solving and debugging,Frontend Developer
Experienced in data cleaning SQL reporting visualization and business intelligence deployment and version control,Data Analyst
Machine learning engineer using Python Scikit-learn TensorFlow and cloud deployment problem solving and debugging,Machine Learning Engineer
Developed Python web applications with Flask Django Redis and MySQL problem solving and debugging,Python Developer
Cybersecurity Analyst skilled in network security Linux vulnerability assessment and SIEM REST API GitHub,Cybersecurity Analyst
Data science projects using Jupyter Pandas NumPy Matplotlib and Scikit-learn software development lifecycle,Data Scientist
Mobile developer skilled in Android SDK Kotlin Java REST API and debugging problem solving and debugging,Android Developer
Backend developer experienced with Node.js Express REST API MongoDB and SQL REST API GitHub,Backend Developer
Designed relational databases using SQL PostgreSQL stored procedures and triggers unit testing Agile,Database Developer
Android developer skilled in Kotlin Java Android Studio Firebase and REST APIs REST API GitHub,Android Developer
Experienced in API development database integration server security and deployment problem solving and debugging,Backend Developer
UI UX Designer skilled in Figma Adobe XD wireframes prototypes and user research REST API GitHub,UI UX Designer
UI UX Designer skilled in Figma Adobe XD wireframes prototypes and user research REST API GitHub,UI UX Designer
Developed Android apps with Kotlin Jetpack Room database and Firebase software development lifecycle,Android Developer
UI UX Designer skilled in Figma Adobe XD wireframes prototypes and user research REST API GitHub,UI UX Designer
UI UX Designer skilled in Figma Adobe XD wireframes prototypes and user research REST API GitHub,UI UX Designer
Built React applications using hooks components Axios and responsive CSS unit testing Agile,React Developer
Experienced in API development database integration server security and deployment problem solving and debugging,Backend Developer
Developed ML models for classification regression NLP and computer vision software development lifecycle,Machine Learning Engineer
Database Developer skilled in MySQL PostgreSQL SQL queries normalization and indexing REST API GitHub,Database Developer
Created modern user interfaces using HTML CSS JavaScript and responsive layouts software development lifecycle,Frontend Developer
Data analyst with skills in SQL spreadsheets KPIs reporting and visualization problem solving and debugging,Data Analyst
Python OOP scripting REST services unit testing Docker Linux software development lifecycle,Python Developer
Analyzed datasets and developed predictive solutions using statistics and Python problem solving and debugging,Data Scientist
Experienced with MySQL Oracle SQL database optimization and schema design deployment and version control,Database Developer
Built scalable backend services using Node.js Express MongoDB and Redis software development lifecycle,Backend Developer
Managed automated deployments containers cloud infrastructure and CI/CD pipelines problem solving and debugging,DevOps Engineer
Frontend developer skilled in HTML CSS JavaScript Bootstrap and responsive design REST API GitHub,Frontend Developer
Java developer skilled in Spring Boot Hibernate Maven MySQL REST API REST API GitHub,Java Developer
Experienced with deep learning TensorFlow PyTorch APIs Docker and model serving deployment and version control,Machine Learning Engineer
Data Analyst skilled in SQL Excel Power BI Tableau and data visualization REST API GitHub,Data Analyst
Experienced in Android Studio Java Kotlin API integration and mobile UI development deployment and version control,Android Developer
Java programmer skilled in collections multithreading exception handling and SQL problem solving and debugging,Java Developer
Managed automated deployments containers cloud infrastructure and CI/CD pipelines problem solving and debugging,DevOps Engineer
Backend engineer skilled in REST APIs PostgreSQL authentication caching and Git deployment and version control,Backend Developer
Designed relational databases using SQL PostgreSQL stored procedures and triggers unit testing Agile,Database Developer
Experienced with React TypeScript Redux Tailwind CSS and API integration deployment and version control,React Developer
UI UX Designer skilled in Figma Adobe XD wireframes prototypes and user research REST API GitHub,UI UX Designer
Built machine learning pipelines using Python feature engineering and model deployment unit testing Agile,Machine Learning Engineer
Experienced with MySQL Oracle SQL database optimization and schema design deployment and version control,Database Developer
Built database solutions using PostgreSQL MySQL ER modeling and query optimization problem solving and debugging,Database Developer
Cybersecurity analyst skilled in ethical hacking network security and threat analysis problem solving and debugging,Cybersecurity Analyst
Analyzed datasets and developed predictive solutions using statistics and Python problem solving and debugging,Data Scientist
DevOps engineer working with Terraform AWS Docker Kubernetes and GitHub Actions software development lifecycle,DevOps Engineer
Experienced in Azure cloud services containers networking monitoring and automation deployment and version control,Cloud Engineer
Java programmer skilled in collections multithreading exception handling and SQL problem solving and debugging,Java Developer
Python developer experienced with FastAPI Flask APIs SQL Git GitHub unit testing Agile,Python Developer
Data Scientist skilled in Python Pandas NumPy Scikit-learn statistics and visualization REST API GitHub,Data Scientist
Cloud engineer working with AWS Kubernetes Docker Terraform and CI/CD software development lifecycle,Cloud Engineer
Cybersecurity analyst skilled in ethical hacking network security and threat analysis problem solving and debugging,Cybersecurity Analyst
Cybersecurity professional working with firewalls IDS vulnerability scanning and Linux deployment and version control,Cybersecurity Analyst
Created mobile and web prototypes using Figma design systems and user flows software development lifecycle,UI UX Designer
Backend engineer skilled in REST APIs PostgreSQL authentication caching and Git deployment and version control,Backend Developer
Experienced with React TypeScript Redux Tailwind CSS and API integration deployment and version control,React Developer
Built predictive models using Python machine learning Pandas and statistical analysis unit testing Agile,Data Scientist
Analyzed business data using Excel SQL Power BI dashboards and reports unit testing Agile,Data Analyst
Data science projects using Jupyter Pandas NumPy Matplotlib and Scikit-learn software development lifecycle,Data Scientist
Built scalable backend services using Node.js Express MongoDB and Redis software development lifecycle,Backend Developer
React developer skilled in JavaScript TypeScript Redux React Router and REST APIs REST API GitHub,React Developer
Cloud engineer working with AWS Kubernetes Docker Terraform and CI/CD software development lifecycle,Cloud Engineer
Performed security monitoring risk assessment log analysis and incident investigation software development lifecycle,Cybersecurity Analyst
Data analyst with skills in SQL spreadsheets KPIs reporting and visualization problem solving and debugging,Data Analyst
Developed ML models for classification regression NLP and computer vision software development lifecycle,Machine Learning Engineer
Developed Android apps with Kotlin Jetpack Room database and Firebase software development lifecycle,Android Developer
Built machine learning pipelines using Python feature engineering and model deployment unit testing Agile,Machine Learning Engineer
Developed Java applications using OOP JDBC Servlet JSP and PostgreSQL unit testing Agile,Java Developer
Frontend developer skilled in HTML CSS JavaScript Bootstrap and responsive design REST API GitHub,Frontend Developer
Developed single page applications using React JavaScript and modern frontend tools software development lifecycle,React Developer
Designed scalable cloud environments using AWS infrastructure automation and security problem solving and debugging,Cloud Engineer
Implemented CI/CD pipelines using Jenkins Git Docker Kubernetes and AWS unit testing Agile,DevOps Engineer
Built enterprise Java applications using Hibernate REST APIs and MySQL software development lifecycle,Java Developer
Mobile developer skilled in Android SDK Kotlin Java REST API and debugging problem solving and debugging,Android Developer
Experienced in data cleaning feature engineering Python visualization and modeling deployment and version control,Data Scientist
UI UX Designer skilled in Figma Adobe XD wireframes prototypes and user research REST API GitHub,UI UX Designer
Developed single page applications using React JavaScript and modern frontend tools software development lifecycle,React Developer
Built predictive models using Python machine learning Pandas and statistical analysis unit testing Agile,Data Scientist
Built database solutions using PostgreSQL MySQL ER modeling and query optimization problem solving and debugging,Database Developer
Built predictive models using Python machine learning Pandas and statistical analysis unit testing Agile,Data Scientist
Django developer building web applications with PostgreSQL REST API Bootstrap REST API GitHub,Django Developer
Cybersecurity analyst skilled in ethical hacking network security and threat analysis problem solving and debugging,Cybersecurity Analyst
Machine Learning Engineer skilled in Python TensorFlow PyTorch Scikit-learn and NLP REST API GitHub,Machine Learning Engineer
Data analyst with skills in SQL spreadsheets KPIs reporting and visualization problem solving and debugging,Data Analyst
Frontend developer skilled in HTML CSS JavaScript Bootstrap and responsive design REST API GitHub,Frontend Developer
Android developer skilled in Kotlin Java Android Studio Firebase and REST APIs REST API GitHub,Android Developer
Cloud engineer working with AWS Kubernetes Docker Terraform and CI/CD software development lifecycle,Cloud Engineer
React developer skilled in JavaScript TypeScript Redux React Router and REST APIs REST API GitHub,React Developer
Built Django projects using Python PostgreSQL HTML CSS JavaScript and Git deployment and version control,Django Developer
Mobile developer skilled in Android SDK Kotlin Java REST API and debugging problem solving and debugging,Android Developer
UX designer experienced in user research information architecture and responsive design deployment and version control,UI UX Designer
Experienced in data cleaning feature engineering Python visualization and modeling deployment and version control,Data Scientist
Backend developer experienced with Node.js Express REST API MongoDB and SQL REST API GitHub,Backend Developer
Experienced Java developer with Spring MVC Spring Boot JPA Git and Docker deployment and version control,Java Developer
Experienced with Django ORM authentication middleware templates and REST framework unit testing Agile,Django Developer
Experienced in API development database integration server security and deployment problem solving and debugging,Backend Developer
Built machine learning pipelines using Python feature engineering and model deployment unit testing Agile,Machine Learning Engineer
UX designer experienced in user research information architecture and responsive design deployment and version control,UI UX Designer
Database developer skilled in SQL joins transactions indexing and performance tuning software development lifecycle,Database Developer
Cybersecurity analyst skilled in ethical hacking network security and threat analysis problem solving and debugging,Cybersecurity Analyst
Data Scientist skilled in Python Pandas NumPy Scikit-learn statistics and visualization REST API GitHub,Data Scientist
Java programmer skilled in collections multithreading exception handling and SQL problem solving and debugging,Java Developer
Python developer experienced with FastAPI Flask APIs SQL Git GitHub unit testing Agile,Python Developer
Analyzed datasets and developed predictive solutions using statistics and Python problem solving and debugging,Data Scientist
Machine Learning Engineer skilled in Python TensorFlow PyTorch Scikit-learn and NLP REST API GitHub,Machine Learning Engineer
Machine Learning Engineer skilled in Python TensorFlow PyTorch Scikit-learn and NLP REST API GitHub,Machine Learning Engineer
Mobile developer skilled in Android SDK Kotlin Java REST API and debugging problem solving and debugging,Android Developer
Experienced with React TypeScript Redux Tailwind CSS and API integration deployment and version control,React Developer
Python Django Flask REST API MySQL PostgreSQL Git Docker REST API GitHub,Python Developer
Frontend developer skilled in HTML CSS JavaScript Bootstrap and responsive design REST API GitHub,Frontend Developer
Built predictive models using Python machine learning Pandas and statistical analysis unit testing Agile,Data Scientist
Cybersecurity Analyst skilled in network security Linux vulnerability assessment and SIEM REST API GitHub,Cybersecurity Analyst
Java programmer skilled in collections multithreading exception handling and SQL problem solving and debugging,Java Developer
Built enterprise Java applications using Hibernate REST APIs and MySQL software development lifecycle,Java Developer
Experienced in data cleaning SQL reporting visualization and business intelligence deployment and version control,Data Analyst
UX designer experienced in user research information architecture and responsive design deployment and version control,UI UX Designer
Java programmer skilled in collections multithreading exception handling and SQL problem solving and debugging,Java Developer
Designed user interfaces using Figma wireframing prototyping and usability testing unit testing Agile,UI UX Designer
Built Django projects using Python PostgreSQL HTML CSS JavaScript and Git deployment and version control,Django Developer
Designed scalable cloud environments using AWS infrastructure automation and security problem solving and debugging,Cloud Engineer
Experienced in API development database integration server security and deployment problem solving and debugging,Backend Developer
Designed user interfaces using Figma wireframing prototyping and usability testing unit testing Agile,UI UX Designer
Built machine learning pipelines using Python feature engineering and model deployment unit testing Agile,Machine Learning Engineer
Cloud engineer working with AWS Kubernetes Docker Terraform and CI/CD software development lifecycle,Cloud Engineer
Frontend developer skilled in HTML CSS JavaScript Bootstrap and responsive design REST API GitHub,Frontend Developer
Experienced in Android Studio Java Kotlin API integration and mobile UI development deployment and version control,Android Developer
Designed scalable cloud environments using AWS infrastructure automation and security problem solving and debugging,Cloud Engineer
DevOps Engineer skilled in AWS Docker Kubernetes Jenkins Linux and CI/CD REST API GitHub,DevOps Engineer
Machine Learning Engineer skilled in Python TensorFlow PyTorch Scikit-learn and NLP REST API GitHub,Machine Learning Engineer
Database developer skilled in SQL joins transactions indexing and performance tuning software development lifecycle,Database Developer
Machine Learning Engineer skilled in Python TensorFlow PyTorch Scikit-learn and NLP REST API GitHub,Machine Learning Engineer
Built Django projects using Python PostgreSQL HTML CSS JavaScript and Git deployment and version control,Django Developer
Developed ML models for classification regression NLP and computer vision software development lifecycle,Machine Learning Engineer
Java developer skilled in Spring Boot Hibernate Maven MySQL REST API REST API GitHub,Java Developer
Developed Python web applications with Flask Django Redis and MySQL problem solving and debugging,Python Developer
Cybersecurity professional working with firewalls IDS vulnerability scanning and Linux deployment and version control,Cybersecurity Analyst
Developed scalable Django applications with Celery Redis PostgreSQL and Docker problem solving and debugging,Django Developer
Experienced in Android Studio Java Kotlin API integration and mobile UI development deployment and version control,Android Developer
Python developer experienced with FastAPI Flask APIs SQL Git GitHub unit testing Agile,Python Developer
Performed security monitoring risk assessment log analysis and incident investigation software development lifecycle,Cybersecurity Analyst
Implemented CI/CD pipelines using Jenkins Git Docker Kubernetes and AWS unit testing Agile,DevOps Engineer
Python Django Flask REST API MySQL PostgreSQL Git Docker REST API GitHub,Python Developer
Performed security monitoring risk assessment log analysis and incident investigation software development lifecycle,Cybersecurity Analyst
Built Android applications using Kotlin Firebase SQLite and Material Design unit testing Agile,Android Developer
Experienced in data cleaning SQL reporting visualization and business intelligence deployment and version control,Data Analyst
React developer using reusable components state management and REST API integration problem solving and debugging,React Developer
Java programmer skilled in collections multithreading exception handling and SQL problem solving and debugging,Java Developer
Managed cloud infrastructure using AWS EC2 S3 IAM VPC and Terraform unit testing Agile,Cloud Engineer
Developed Android apps with Kotlin Jetpack Room database and Firebase software development lifecycle,Android Developer
DevOps Engineer skilled in AWS Docker Kubernetes Jenkins Linux and CI/CD REST API GitHub,DevOps Engineer
Built Python automation tools using Pandas NumPy APIs and PostgreSQL deployment and version control,Python Developer
Managed cloud infrastructure using AWS EC2 S3 IAM VPC and Terraform unit testing Agile,Cloud Engineer
Experienced in threat detection incident response penetration testing and security tools unit testing Agile,Cybersecurity Analyst
Built machine learning pipelines using Python feature engineering and model deployment unit testing Agile,Machine Learning Engineer
Experienced in cloud deployment infrastructure automation monitoring and Linux deployment and version control,DevOps Engineer
Java programmer skilled in collections multithreading exception handling and SQL problem solving and debugging,Java Developer
Experienced Java developer with Spring MVC Spring Boot JPA Git and Docker deployment and version control,Java Developer
Developed Python web applications with Flask Django Redis and MySQL problem solving and debugging,Python Developer
Analyzed business data using Excel SQL Power BI dashboards and reports unit testing Agile,Data Analyst
Python Django Flask REST API MySQL PostgreSQL Git Docker REST API GitHub,Python Developer
Frontend development experience with JavaScript UI components CSS and Bootstrap deployment and version control,Frontend Developer
Developed Python web applications with Flask Django Redis and MySQL problem solving and debugging,Python Developer
Data analyst with skills in SQL spreadsheets KPIs reporting and visualization problem solving and debugging,Data Analyst
Built scalable backend services using Node.js Express MongoDB and Redis software development lifecycle,Backend Developer
Backend developer experienced with Node.js Express REST API MongoDB and SQL REST API GitHub,Backend Developer
Built enterprise Java applications using Hibernate REST APIs and MySQL software development lifecycle,Java Developer
Built Android applications using Kotlin Firebase SQLite and Material Design unit testing Agile,Android Developer
Built responsive websites using HTML CSS JavaScript React and Tailwind CSS unit testing Agile,Frontend Developer
Mobile developer skilled in Android SDK Kotlin Java REST API and debugging problem solving and debugging,Android Developer
Database developer skilled in SQL joins transactions indexing and performance tuning software development lifecycle,Database Developer
Built responsive websites using HTML CSS JavaScript React and Tailwind CSS unit testing Agile,Frontend Developer
Designed scalable cloud environments using AWS infrastructure automation and security problem solving and debugging,Cloud Engineer
Built React applications using hooks components Axios and responsive CSS unit testing Agile,React Developer
Experienced with MySQL Oracle SQL database optimization and schema design deployment and version control,Database Developer
Developed ML models for classification regression NLP and computer vision software development lifecycle,Machine Learning Engineer
Data Scientist skilled in Python Pandas NumPy Scikit-learn statistics and visualization REST API GitHub,Data Scientist
Designed relational databases using SQL PostgreSQL stored procedures and triggers unit testing Agile,Database Developer
Frontend developer skilled in HTML CSS JavaScript Bootstrap and responsive design REST API GitHub,Frontend Developer
Mobile developer skilled in Android SDK Kotlin Java REST API and debugging problem solving and debugging,Android Developer
Created mobile and web prototypes using Figma design systems and user flows software development lifecycle,UI UX Designer
Implemented CI/CD pipelines using Jenkins Git Docker Kubernetes and AWS unit testing Agile,DevOps Engineer
Experienced in API development database integration server security and deployment problem solving and debugging,Backend Developer
Frontend developer skilled in HTML CSS JavaScript Bootstrap and responsive design REST API GitHub,Frontend Developer
Python OOP scripting REST services unit testing Docker Linux software development lifecycle,Python Developer
Data Analyst skilled in SQL Excel Power BI Tableau and data visualization REST API GitHub,Data Analyst
Created modern user interfaces using HTML CSS JavaScript and responsive layouts software development lifecycle,Frontend Developer
Built Django projects using Python PostgreSQL HTML CSS JavaScript and Git deployment and version control,Django Developer
Developed ML models for classification regression NLP and computer vision software development lifecycle,Machine Learning Engineer
Built enterprise Java applications using Hibernate REST APIs and MySQL software development lifecycle,Java Developer
Developed server-side applications using Python APIs databases authentication and Docker unit testing Agile,Backend Developer
Built machine learning pipelines using Python feature engineering and model deployment unit testing Agile,Machine Learning Engineer
Developed server-side applications using Python APIs databases authentication and Docker unit testing Agile,Backend Developer
Developed single page applications using React JavaScript and modern frontend tools software development lifecycle,React Developer
Backend developer experienced with Node.js Express REST API MongoDB and SQL REST API GitHub,Backend Developer
Experienced in data cleaning SQL reporting visualization and business intelligence deployment and version control,Data Analyst
Created modern user interfaces using HTML CSS JavaScript and responsive layouts software development lifecycle,Frontend Developer
Built database solutions using PostgreSQL MySQL ER modeling and query optimization problem solving and debugging,Database Developer
Developed server-side applications using Python APIs databases authentication and Docker unit testing Agile,Backend Developer
Built interactive dashboards using Power BI Excel SQL and Tableau software development lifecycle,Data Analyst
Performed security monitoring risk assessment log analysis and incident investigation software development lifecycle,Cybersecurity Analyst
Cloud Engineer skilled in AWS Azure Docker Kubernetes Terraform and Linux REST API GitHub,Cloud Engineer
Implemented CI/CD pipelines using Jenkins Git Docker Kubernetes and AWS unit testing Agile,DevOps Engineer
Developed Java applications using OOP JDBC Servlet JSP and PostgreSQL unit testing Agile,Java Developer
Implemented CI/CD pipelines using Jenkins Git Docker Kubernetes and AWS unit testing Agile,DevOps Engineer
Android developer skilled in Kotlin Java Android Studio Firebase and REST APIs REST API GitHub,Android Developer
Analyzed business data using Excel SQL Power BI dashboards and reports unit testing Agile,Data Analyst
Designed relational databases using SQL PostgreSQL stored procedures and triggers unit testing Agile,Database Developer
Python Django Flask REST API MySQL PostgreSQL Git Docker REST API GitHub,Python Developer
Java developer skilled in Spring Boot Hibernate Maven MySQL REST API REST API GitHub,Java Developer
Built interactive dashboards using Power BI Excel SQL and Tableau software development lifecycle,Data Analyst
Machine Learning Engineer skilled in Python TensorFlow PyTorch Scikit-learn and NLP REST API GitHub,Machine Learning Engineer
Python developer experienced with FastAPI Flask APIs SQL Git GitHub unit testing Agile,Python Developer
DevOps engineer working with Terraform AWS Docker Kubernetes and GitHub Actions software development lifecycle,DevOps Engineer
Experienced in data cleaning SQL reporting visualization and business intelligence deployment and version control,Data Analyst
Experienced in API development database integration server security and deployment problem solving and debugging,Backend Developer
Experienced in data cleaning SQL reporting visualization and business intelligence deployment and version control,Data Analyst
Cloud Engineer skilled in AWS Azure Docker Kubernetes Terraform and Linux REST API GitHub,Cloud Engineer
Experienced in data cleaning feature engineering Python visualization and modeling deployment and version control,Data Scientist
Experienced with React TypeScript Redux Tailwind CSS and API integration deployment and version control,React Developer
Data Scientist skilled in Python Pandas NumPy Scikit-learn statistics and visualization REST API GitHub,Data Scientist
Experienced with Django ORM authentication middleware templates and REST framework unit testing Agile,Django Developer
Implemented CI/CD pipelines using Jenkins Git Docker Kubernetes and AWS unit testing Agile,DevOps Engineer
Managed automated deployments containers cloud infrastructure and CI/CD pipelines problem solving and debugging,DevOps Engineer
Experienced in cloud deployment infrastructure automation monitoring and Linux deployment and version control,DevOps Engineer
React developer skilled in JavaScript TypeScript Redux React Router and REST APIs REST API GitHub,React Developer
Python developer experienced with FastAPI Flask APIs SQL Git GitHub unit testing Agile,Python Developer
Cybersecurity professional working with firewalls IDS vulnerability scanning and Linux deployment and version control,Cybersecurity Analyst
Mobile developer skilled in Android SDK Kotlin Java REST API and debugging problem solving and debugging,Android Developer
Designed relational databases using SQL PostgreSQL stored procedures and triggers unit testing Agile,Database Developer
Java developer skilled in Spring Boot Hibernate Maven MySQL REST API REST API GitHub,Java Developer
Data Scientist skilled in Python Pandas NumPy Scikit-learn statistics and visualization REST API GitHub,Data Scientist
Data analyst with skills in SQL spreadsheets KPIs reporting and visualization problem solving and debugging,Data Analyst
Cybersecurity analyst skilled in ethical hacking network security and threat analysis problem solving and debugging,Cybersecurity Analyst
Designed relational databases using SQL PostgreSQL stored procedures and triggers unit testing Agile,Database Developer
Developed Java applications using OOP JDBC Servlet JSP and PostgreSQL unit testing Agile,Java Developer
Built Android applications using Kotlin Firebase SQLite and Material Design unit testing Agile,Android Developer
Backend engineer skilled in REST APIs PostgreSQL authentication caching and Git deployment and version control,Backend Developer
Developed single page applications using React JavaScript and modern frontend tools software development lifecycle,React Developer
Data Analyst skilled in SQL Excel Power BI Tableau and data visualization REST API GitHub,Data Analyst
Cybersecurity Analyst skilled in network security Linux vulnerability assessment and SIEM REST API GitHub,Cybersecurity Analyst
Built scalable backend services using Node.js Express MongoDB and Redis software development lifecycle,Backend Developer
Developed scalable Django applications with Celery Redis PostgreSQL and Docker problem solving and debugging,Django Developer
Django developer building web applications with PostgreSQL REST API Bootstrap REST API GitHub,Django Developer
Database Developer skilled in MySQL PostgreSQL SQL queries normalization and indexing REST API GitHub,Database Developer
Experienced in data cleaning feature engineering Python visualization and modeling deployment and version control,Data Scientist
Cybersecurity professional working with firewalls IDS vulnerability scanning and Linux deployment and version control,Cybersecurity Analyst
UI UX professional skilled in visual design typography interaction and prototyping problem solving and debugging,UI UX Designer
Built interactive dashboards using Power BI Excel SQL and Tableau software development lifecycle,Data Analyst
Managed automated deployments containers cloud infrastructure and CI/CD pipelines problem solving and debugging,DevOps Engineer
Frontend development experience with JavaScript UI components CSS and Bootstrap deployment and version control,Frontend Developer
Backend developer experienced with Node.js Express REST API MongoDB and SQL REST API GitHub,Backend Developer
Experienced in data cleaning SQL reporting visualization and business intelligence deployment and version control,Data Analyst
Built enterprise Java applications using Hibernate REST APIs and MySQL software development lifecycle,Java Developer
Developed server-side applications using Python APIs databases authentication and Docker unit testing Agile,Backend Developer
Built scalable backend services using Node.js Express MongoDB and Redis software development lifecycle,Backend Developer
Built Android applications using Kotlin Firebase SQLite and Material Design unit testing Agile,Android Developer
Experienced in Android Studio Java Kotlin API integration and mobile UI development deployment and version control,Android Developer
Data science projects using Jupyter Pandas NumPy Matplotlib and Scikit-learn software development lifecycle,Data Scientist
Experienced with Django ORM authentication middleware templates and REST framework unit testing Agile,Django Developer
Developed single page applications using React JavaScript and modern frontend tools software development lifecycle,React Developer
Designed relational databases using SQL PostgreSQL stored procedures and triggers unit testing Agile,Database Developer
Designed user interfaces using Figma wireframing prototyping and usability testing unit testing Agile,UI UX Designer
React developer using reusable components state management and REST API integration problem solving and debugging,React Developer
React developer using reusable components state management and REST API integration problem solving and debugging,React Developer
Built responsive websites using HTML CSS JavaScript React and Tailwind CSS unit testing Agile,Frontend Developer
Skilled in browser development DOM manipulation JavaScript CSS and accessibility problem solving and debugging,Frontend Developer
Django REST Framework developer with JWT authentication and API integration software development lifecycle,Django Developer
Database developer skilled in SQL joins transactions indexing and performance tuning software development lifecycle,Database Developer
Database Developer skilled in MySQL PostgreSQL SQL queries normalization and indexing REST API GitHub,Database Developer
Developed Python web applications with Flask Django Redis and MySQL problem solving and debugging,Python Developer
Mobile developer skilled in Android SDK Kotlin Java REST API and debugging problem solving and debugging,Android Developer
UI UX professional skilled in visual design typography interaction and prototyping problem solving and debugging,UI UX Designer
Data analyst with skills in SQL spreadsheets KPIs reporting and visualization problem solving and debugging,Data Analyst
Data Scientist skilled in Python Pandas NumPy Scikit-learn statistics and visualization REST API GitHub,Data Scientist
Built Django projects using Python PostgreSQL HTML CSS JavaScript and Git deployment and version control,Django Developer
Experienced with deep learning TensorFlow PyTorch APIs Docker and model serving deployment and version control,Machine Learning Engineer
Database Developer skilled in MySQL PostgreSQL SQL queries normalization and indexing REST API GitHub,Database Developer
Cybersecurity professional working with firewalls IDS vulnerability scanning and Linux deployment and version control,Cybersecurity Analyst
Built interactive dashboards using Power BI Excel SQL and Tableau software development lifecycle,Data Analyst
Designed user interfaces using Figma wireframing prototyping and usability testing unit testing Agile,UI UX Designer
Developed single page applications using React JavaScript and modern frontend tools software development lifecycle,React Developer
Developed server-side applications using Python APIs databases authentication and Docker unit testing Agile,Backend Developer
Cybersecurity Analyst skilled in network security Linux vulnerability assessment and SIEM REST API GitHub,Cybersecurity Analyst
Built responsive websites using HTML CSS JavaScript React and Tailwind CSS unit testing Agile,Frontend Developer
Cybersecurity Analyst skilled in network security Linux vulnerability assessment and SIEM REST API GitHub,Cybersecurity Analyst
Built Python automation tools using Pandas NumPy APIs and PostgreSQL deployment and version control,Python Developer
Database developer skilled in SQL joins transactions indexing and performance tuning software development lifecycle,Database Developer
Cybersecurity Analyst skilled in network security Linux vulnerability assessment and SIEM REST API GitHub,Cybersecurity Analyst
Django REST Framework developer with JWT authentication and API integration software development lifecycle,Django Developer
Python OOP scripting REST services unit testing Docker Linux software development lifecycle,Python Developer
Experienced with MySQL Oracle SQL database optimization and schema design deployment and version control,Database Developer
UX designer experienced in user research information architecture and responsive design deployment and version control,UI UX Designer
Developed scalable Django applications with Celery Redis PostgreSQL and Docker problem solving and debugging,Django Developer
Django REST Framework developer with JWT authentication and API integration software development lifecycle,Django Developer
Built interactive dashboards using Power BI Excel SQL and Tableau software development lifecycle,Data Analyst
Designed user interfaces using Figma wireframing prototyping and usability testing unit testing Agile,UI UX Designer
Django REST Framework developer with JWT authentication and API integration software development lifecycle,Django Developer
Analyzed datasets and developed predictive solutions using statistics and Python problem solving and debugging,Data Scientist
Built Python automation tools using Pandas NumPy APIs and PostgreSQL deployment and version control,Python Developer
Experienced Java developer with Spring MVC Spring Boot JPA Git and Docker deployment and version control,Java Developer
Experienced in API development database integration server security and deployment problem solving and debugging,Backend Developer
Developed server-side applications using Python APIs databases authentication and Docker unit testing Agile,Backend Developer
Cybersecurity professional working with firewalls IDS vulnerability scanning and Linux deployment and version control,Cybersecurity Analyst
Frontend development experience with JavaScript UI components CSS and Bootstrap deployment and version control,Frontend Developer
Developed Java applications using OOP JDBC Servlet JSP and PostgreSQL unit testing Agile,Java Developer
Python OOP scripting REST services unit testing Docker Linux software development lifecycle,Python Developer
Machine Learning Engineer skilled in Python TensorFlow PyTorch Scikit-learn and NLP REST API GitHub,Machine Learning Engineer
Developed scalable Django applications with Celery Redis PostgreSQL and Docker problem solving and debugging,Django Developer
Built predictive models using Python machine learning Pandas and statistical analysis unit testing Agile,Data Scientist
Built machine learning pipelines using Python feature engineering and model deployment unit testing Agile,Machine Learning Engineer
UI UX Designer skilled in Figma Adobe XD wireframes prototypes and user research REST API GitHub,UI UX Designer
Built database solutions using PostgreSQL MySQL ER modeling and query optimization problem solving and debugging,Database Developer
Data Scientist skilled in Python Pandas NumPy Scikit-learn statistics and visualization REST API GitHub,Data Scientist
Analyzed business data using Excel SQL Power BI dashboards and reports unit testing Agile,Data Analyst
Frontend developer skilled in HTML CSS JavaScript Bootstrap and responsive design REST API GitHub,Frontend Developer
Created mobile and web prototypes using Figma design systems and user flows software development lifecycle,UI UX Designer
Java developer skilled in Spring Boot Hibernate Maven MySQL REST API REST API GitHub,Java Developer
Data Scientist skilled in Python Pandas NumPy Scikit-learn statistics and visualization REST API GitHub,Data Scientist
Managed automated deployments containers cloud infrastructure and CI/CD pipelines problem solving and debugging,DevOps Engineer
Performed security monitoring risk assessment log analysis and incident investigation software development lifecycle,Cybersecurity Analyst
Developed ML models for classification regression NLP and computer vision software development lifecycle,Machine Learning Engineer
Data Analyst skilled in SQL Excel Power BI Tableau and data visualization REST API GitHub,Data Analyst
Django developer building web applications with PostgreSQL REST API Bootstrap REST API GitHub,Django Developer
Built database solutions using PostgreSQL MySQL ER modeling and query optimization problem solving and debugging,Database Developer
Developed Java applications using OOP JDBC Servlet JSP and PostgreSQL unit testing Agile,Java Developer
Analyzed business data using Excel SQL Power BI dashboards and reports unit testing Agile,Data Analyst
Backend engineer skilled in REST APIs PostgreSQL authentication caching and Git deployment and version control,Backend Developer
Built responsive websites using HTML CSS JavaScript React and Tailwind CSS unit testing Agile,Frontend Developer
Java developer skilled in Spring Boot Hibernate Maven MySQL REST API REST API GitHub,Java Developer
Implemented CI/CD pipelines using Jenkins Git Docker Kubernetes and AWS unit testing Agile,DevOps Engineer
Managed cloud infrastructure using AWS EC2 S3 IAM VPC and Terraform unit testing Agile,Cloud Engineer
Designed user interfaces using Figma wireframing prototyping and usability testing unit testing Agile,UI UX Designer
Data science projects using Jupyter Pandas NumPy Matplotlib and Scikit-learn software development lifecycle,Data Scientist
Cloud Engineer skilled in AWS Azure Docker Kubernetes Terraform and Linux REST API GitHub,Cloud Engineer
Android developer skilled in Kotlin Java Android Studio Firebase and REST APIs REST API GitHub,Android Developer
Built database solutions using PostgreSQL MySQL ER modeling and query optimization problem solving and debugging,Database Developer
DevOps Engineer skilled in AWS Docker Kubernetes Jenkins Linux and CI/CD REST API GitHub,DevOps Engineer
Machine learning engineer using Python Scikit-learn TensorFlow and cloud deployment problem solving and debugging,Machine Learning Engineer
Managed cloud infrastructure using AWS EC2 S3 IAM VPC and Terraform unit testing Agile,Cloud Engineer
DevOps engineer working with Terraform AWS Docker Kubernetes and GitHub Actions software development lifecycle,DevOps Engineer
DevOps engineer working with Terraform AWS Docker Kubernetes and GitHub Actions software development lifecycle,DevOps Engineer
Built predictive models using Python machine learning Pandas and statistical analysis unit testing Agile,Data Scientist
Frontend developer skilled in HTML CSS JavaScript Bootstrap and responsive design REST API GitHub,Frontend Developer
Cybersecurity Analyst skilled in network security Linux vulnerability assessment and SIEM REST API GitHub,Cybersecurity Analyst
Developed Android apps with Kotlin Jetpack Room database and Firebase software development lifecycle,Android Developer
Built React applications using hooks components Axios and responsive CSS unit testing Agile,React Developer
Experienced with deep learning TensorFlow PyTorch APIs Docker and model serving deployment and version control,Machine Learning Engineer
Created modern user interfaces using HTML CSS JavaScript and responsive layouts software development lifecycle,Frontend Developer
Java programmer skilled in collections multithreading exception handling and SQL problem solving and debugging,Java Developer
Database Developer skilled in MySQL PostgreSQL SQL queries normalization and indexing REST API GitHub,Database Developer
Python OOP scripting REST services unit testing Docker Linux software development lifecycle,Python Developer
Experienced in data cleaning SQL reporting visualization and business intelligence deployment and version control,Data Analyst
Analyzed datasets and developed predictive solutions using statistics and Python problem solving and debugging,Data Scientist
Machine learning engineer using Python Scikit-learn TensorFlow and cloud deployment problem solving and debugging,Machine Learning Engineer
Experienced in Azure cloud services containers networking monitoring and automation deployment and version control,Cloud Engineer
Developed ML models for classification regression NLP and computer vision software development lifecycle,Machine Learning Engineer
Machine Learning Engineer skilled in Python TensorFlow PyTorch Scikit-learn and NLP REST API GitHub,Machine Learning Engineer
Cybersecurity Analyst skilled in network security Linux vulnerability assessment and SIEM REST API GitHub,Cybersecurity Analyst
Created mobile and web prototypes using Figma design systems and user flows software development lifecycle,UI UX Designer
Experienced Java developer with Spring MVC Spring Boot JPA Git and Docker deployment and version control,Java Developer
Developed single page applications using React JavaScript and modern frontend tools software development lifecycle,React Developer
Data science projects using Jupyter Pandas NumPy Matplotlib and Scikit-learn software development lifecycle,Data Scientist
Experienced in data cleaning feature engineering Python visualization and modeling deployment and version control,Data Scientist
Cybersecurity Analyst skilled in network security Linux vulnerability assessment and SIEM REST API GitHub,Cybersecurity Analyst
Data science projects using Jupyter Pandas NumPy Matplotlib and Scikit-learn software development lifecycle,Data Scientist
Experienced in cloud deployment infrastructure automation monitoring and Linux deployment and version control,DevOps Engineer
Backend engineer skilled in REST APIs PostgreSQL authentication caching and Git deployment and version control,Backend Developer
React developer skilled in JavaScript TypeScript Redux React Router and REST APIs REST API GitHub,React Developer
Frontend developer skilled in HTML CSS JavaScript Bootstrap and responsive design REST API GitHub,Frontend Developer
Managed cloud infrastructure using AWS EC2 S3 IAM VPC and Terraform unit testing Agile,Cloud Engineer
Created mobile and web prototypes using Figma design systems and user flows software development lifecycle,UI UX Designer
Machine learning engineer using Python Scikit-learn TensorFlow and cloud deployment problem solving and debugging,Machine Learning Engineer
Built Python automation tools using Pandas NumPy APIs and PostgreSQL deployment and version control,Python Developer
Implemented CI/CD pipelines using Jenkins Git Docker Kubernetes and AWS unit testing Agile,DevOps Engineer
Django developer building web applications with PostgreSQL REST API Bootstrap REST API GitHub,Django Developer
Backend engineer skilled in REST APIs PostgreSQL authentication caching and Git deployment and version control,Backend Developer
Built interactive dashboards using Power BI Excel SQL and Tableau software development lifecycle,Data Analyst
Built enterprise Java applications using Hibernate REST APIs and MySQL software development lifecycle,Java Developer
Experienced with React TypeScript Redux Tailwind CSS and API integration deployment and version control,React Developer
Frontend developer skilled in HTML CSS JavaScript Bootstrap and responsive design REST API GitHub,Frontend Developer
Backend engineer skilled in REST APIs PostgreSQL authentication caching and Git deployment and version control,Backend Developer
UI UX Designer skilled in Figma Adobe XD wireframes prototypes and user research REST API GitHub,UI UX Designer
Developed Java applications using OOP JDBC Servlet JSP and PostgreSQL unit testing Agile,Java Developer
Data Analyst skilled in SQL Excel Power BI Tableau and data visualization REST API GitHub,Data Analyst
DevOps engineer working with Terraform AWS Docker Kubernetes and GitHub Actions software development lifecycle,DevOps Engineer
Experienced Java developer with Spring MVC Spring Boot JPA Git and Docker deployment and version control,Java Developer
Built React applications using hooks components Axios and responsive CSS unit testing Agile,React Developer
Experienced in Azure cloud services containers networking monitoring and automation deployment and version control,Cloud Engineer
Designed relational databases using SQL PostgreSQL stored procedures and triggers unit testing Agile,Database Developer
Experienced in Azure cloud services containers networking monitoring and automation deployment and version control,Cloud Engineer
Cloud Engineer skilled in AWS Azure Docker Kubernetes Terraform and Linux REST API GitHub,Cloud Engineer
Experienced in API development database integration server security and deployment problem solving and debugging,Backend Developer
Developed scalable Django applications with Celery Redis PostgreSQL and Docker problem solving and debugging,Django Developer
Experienced in threat detection incident response penetration testing and security tools unit testing Agile,Cybersecurity Analyst
Experienced in data cleaning SQL reporting visualization and business intelligence deployment and version control,Data Analyst
Experienced in Android Studio Java Kotlin API integration and mobile UI development deployment and version control,Android Developer
Developed Python web applications with Flask Django Redis and MySQL problem solving and debugging,Python Developer
Built machine learning pipelines using Python feature engineering and model deployment unit testing Agile,Machine Learning Engineer
UX designer experienced in user research information architecture and responsive design deployment and version control,UI UX Designer
Cybersecurity Analyst skilled in network security Linux vulnerability assessment and SIEM REST API GitHub,Cybersecurity Analyst
Data analyst with skills in SQL spreadsheets KPIs reporting and visualization problem solving and debugging,Data Analyst
React developer skilled in JavaScript TypeScript Redux React Router and REST APIs REST API GitHub,React Developer
Developed ML models for classification regression NLP and computer vision software development lifecycle,Machine Learning Engineer
Skilled in browser development DOM manipulation JavaScript CSS and accessibility problem solving and debugging,Frontend Developer
Backend developer experienced with Node.js Express REST API MongoDB and SQL REST API GitHub,Backend Developer
Java developer skilled in Spring Boot Hibernate Maven MySQL REST API REST API GitHub,Java Developer
DevOps engineer working with Terraform AWS Docker Kubernetes and GitHub Actions software development lifecycle,DevOps Engineer
Data Scientist skilled in Python Pandas NumPy Scikit-learn statistics and visualization REST API GitHub,Data Scientist
Built machine learning pipelines using Python feature engineering and model deployment unit testing Agile,Machine Learning Engineer
Python Django Flask REST API MySQL PostgreSQL Git Docker REST API GitHub,Python Developer
Data Analyst skilled in SQL Excel Power BI Tableau and data visualization REST API GitHub,Data Analyst
Cybersecurity analyst skilled in ethical hacking network security and threat analysis problem solving and debugging,Cybersecurity Analyst
Built Android applications using Kotlin Firebase SQLite and Material Design unit testing Agile,Android Developer
Developed Android apps with Kotlin Jetpack Room database and Firebase software development lifecycle,Android Developer
Experienced with Django ORM authentication middleware templates and REST framework unit testing Agile,Django Developer
Experienced in data cleaning feature engineering Python visualization and modeling deployment and version control,Data Scientist
Built Python automation tools using Pandas NumPy APIs and PostgreSQL deployment and version control,Python Developer
React developer using reusable components state management and REST API integration problem solving and debugging,React Developer
Developed scalable Django applications with Celery Redis PostgreSQL and Docker problem solving and debugging,Django Developer
Data analyst with skills in SQL spreadsheets KPIs reporting and visualization problem solving and debugging,Data Analyst
Data Analyst skilled in SQL Excel Power BI Tableau and data visualization REST API GitHub,Data Analyst
Database developer skilled in SQL joins transactions indexing and performance tuning software development lifecycle,Database Developer
Experienced in API development database integration server security and deployment problem solving and debugging,Backend Developer
Data science projects using Jupyter Pandas NumPy Matplotlib and Scikit-learn software development lifecycle,Data Scientist
Experienced with deep learning TensorFlow PyTorch APIs Docker and model serving deployment and version control,Machine Learning Engineer
Created modern user interfaces using HTML CSS JavaScript and responsive layouts software development lifecycle,Frontend Developer
Built responsive websites using HTML CSS JavaScript React and Tailwind CSS unit testing Agile,Frontend Developer
Experienced with deep learning TensorFlow PyTorch APIs Docker and model serving deployment and version control,Machine Learning Engineer
Developed Python web applications with Flask Django Redis and MySQL problem solving and debugging,Python Developer
Built predictive models using Python machine learning Pandas and statistical analysis unit testing Agile,Data Scientist
Django REST Framework developer with JWT authentication and API integration software development lifecycle,Django Developer
Database Developer skilled in MySQL PostgreSQL SQL queries normalization and indexing REST API GitHub,Database Developer
Database Developer skilled in MySQL PostgreSQL SQL queries normalization and indexing REST API GitHub,Database Developer
Created mobile and web prototypes using Figma design systems and user flows software development lifecycle,UI UX Designer
Data analyst with skills in SQL spreadsheets KPIs reporting and visualization problem solving and debugging,Data Analyst
Data Scientist skilled in Python Pandas NumPy Scikit-learn statistics and visualization REST API GitHub,Data Scientist
Java programmer skilled in collections multithreading exception handling and SQL problem solving and debugging,Java Developer
Created mobile and web prototypes using Figma design systems and user flows software development lifecycle,UI UX Designer
Data Analyst skilled in SQL Excel Power BI Tableau and data visualization REST API GitHub,Data Analyst
Experienced Java developer with Spring MVC Spring Boot JPA Git and Docker deployment and version control,Java Developer
Experienced in threat detection incident response penetration testing and security tools unit testing Agile,Cybersecurity Analyst
Built database solutions using PostgreSQL MySQL ER modeling and query optimization problem solving and debugging,Database Developer
Built Android applications using Kotlin Firebase SQLite and Material Design unit testing Agile,Android Developer
Designed scalable cloud environments using AWS infrastructure automation and security problem solving and debugging,Cloud Engineer
React developer skilled in JavaScript TypeScript Redux React Router and REST APIs REST API GitHub,React Developer
Django REST Framework developer with JWT authentication and API integration software development lifecycle,Django Developer
Experienced in threat detection incident response penetration testing and security tools unit testing Agile,Cybersecurity Analyst
Developed Android apps with Kotlin Jetpack Room database and Firebase software development lifecycle,Android Developer
Built predictive models using Python machine learning Pandas and statistical analysis unit testing Agile,Data Scientist
Built Android applications using Kotlin Firebase SQLite and Material Design unit testing Agile,Android Developer
Cybersecurity professional working with firewalls IDS vulnerability scanning and Linux deployment and version control,Cybersecurity Analyst
Backend engineer skilled in REST APIs PostgreSQL authentication caching and Git deployment and version control,Backend Developer
Built Python automation tools using Pandas NumPy APIs and PostgreSQL deployment and version control,Python Developer
Django REST Framework developer with JWT authentication and API integration software development lifecycle,Django Developer
Built interactive dashboards using Power BI Excel SQL and Tableau software development lifecycle,Data Analyst
Experienced Java developer with Spring MVC Spring Boot JPA Git and Docker deployment and version control,Java Developer
Experienced in cloud deployment infrastructure automation monitoring and Linux deployment and version control,DevOps Engineer
Python developer experienced with FastAPI Flask APIs SQL Git GitHub unit testing Agile,Python Developer
Built enterprise Java applications using Hibernate REST APIs and MySQL software development lifecycle,Java Developer
Built React applications using hooks components Axios and responsive CSS unit testing Agile,React Developer
Designed user interfaces using Figma wireframing prototyping and usability testing unit testing Agile,UI UX Designer
DevOps Engineer skilled in AWS Docker Kubernetes Jenkins Linux and CI/CD REST API GitHub,DevOps Engineer
Data Analyst skilled in SQL Excel Power BI Tableau and data visualization REST API GitHub,Data Analyst
Data Analyst skilled in SQL Excel Power BI Tableau and data visualization REST API GitHub,Data Analyst
Designed scalable cloud environments using AWS infrastructure automation and security problem solving and debugging,Cloud Engineer
Backend developer experienced with Node.js Express REST API MongoDB and SQL REST API GitHub,Backend Developer
Experienced with Django ORM authentication middleware templates and REST framework unit testing Agile,Django Developer
Built predictive models using Python machine learning Pandas and statistical analysis unit testing Agile,Data Scientist
Designed relational databases using SQL PostgreSQL stored procedures and triggers unit testing Agile,Database Developer
Python Django Flask REST API MySQL PostgreSQL Git Docker REST API GitHub,Python Developer
Backend developer experienced with Node.js Express REST API MongoDB and SQL REST API GitHub,Backend Developer
Mobile developer skilled in Android SDK Kotlin Java REST API and debugging problem solving and debugging,Android Developer
UI UX professional skilled in visual design typography interaction and prototyping problem solving and debugging,UI UX Designer
Built Python automation tools using Pandas NumPy APIs and PostgreSQL deployment and version control,Python Developer
Built database solutions using PostgreSQL MySQL ER modeling and query optimization problem solving and debugging,Database Developer
Cloud engineer working with AWS Kubernetes Docker Terraform and CI/CD software development lifecycle,Cloud Engineer
Created mobile and web prototypes using Figma design systems and user flows software development lifecycle,UI UX Designer
DevOps engineer working with Terraform AWS Docker Kubernetes and GitHub Actions software development lifecycle,DevOps Engineer
Frontend development experience with JavaScript UI components CSS and Bootstrap deployment and version control,Frontend Developer
Built predictive models using Python machine learning Pandas and statistical analysis unit testing Agile,Data Scientist
Skilled in browser development DOM manipulation JavaScript CSS and accessibility problem solving and debugging,Frontend Developer
Backend developer experienced with Node.js Express REST API MongoDB and SQL REST API GitHub,Backend Developer
Backend developer experienced with Node.js Express REST API MongoDB and SQL REST API GitHub,Backend Developer
UI UX professional skilled in visual design typography interaction and prototyping problem solving and debugging,UI UX Designer
Database developer skilled in SQL joins transactions indexing and performance tuning software development lifecycle,Database Developer
Built Django projects using Python PostgreSQL HTML CSS JavaScript and Git deployment and version control,Django Developer
Experienced with Django ORM authentication middleware templates and REST framework unit testing Agile,Django Developer
UX designer experienced in user research information architecture and responsive design deployment and version control,UI UX Designer
Built enterprise Java applications using Hibernate REST APIs and MySQL software development lifecycle,Java Developer
Developed scalable Django applications with Celery Redis PostgreSQL and Docker problem solving and debugging,Django Developer
Built scalable backend services using Node.js Express MongoDB and Redis software development lifecycle,Backend Developer
Created mobile and web prototypes using Figma design systems and user flows software development lifecycle,UI UX Designer
Python OOP scripting REST services unit testing Docker Linux software development lifecycle,Python Developer
Database Developer skilled in MySQL PostgreSQL SQL queries normalization and indexing REST API GitHub,Database Developer
Developed server-side applications using Python APIs databases authentication and Docker unit testing Agile,Backend Developer
DevOps Engineer skilled in AWS Docker Kubernetes Jenkins Linux and CI/CD REST API GitHub,DevOps Engineer
Experienced in Azure cloud services containers networking monitoring and automation deployment and version control,Cloud Engineer
Built Android applications using Kotlin Firebase SQLite and Material Design unit testing Agile,Android Developer
Built scalable backend services using Node.js Express MongoDB and Redis software development lifecycle,Backend Developer
Data science projects using Jupyter Pandas NumPy Matplotlib and Scikit-learn software development lifecycle,Data Scientist
Experienced in threat detection incident response penetration testing and security tools unit testing Agile,Cybersecurity Analyst
Built Android applications using Kotlin Firebase SQLite and Material Design unit testing Agile,Android Developer
Experienced in data cleaning feature engineering Python visualization and modeling deployment and version control,Data Scientist
Experienced with React TypeScript Redux Tailwind CSS and API integration deployment and version control,React Developer
Experienced in Android Studio Java Kotlin API integration and mobile UI development deployment and version control,Android Developer
Machine learning engineer using Python Scikit-learn TensorFlow and cloud deployment problem solving and debugging,Machine Learning Engineer
Mobile developer skilled in Android SDK Kotlin Java REST API and debugging problem solving and debugging,Android Developer
Managed automated deployments containers cloud infrastructure and CI/CD pipelines problem solving and debugging,DevOps Engineer
Django REST Framework developer with JWT authentication and API integration software development lifecycle,Django Developer
Django developer building web applications with PostgreSQL REST API Bootstrap REST API GitHub,Django Developer
DevOps Engineer skilled in AWS Docker Kubernetes Jenkins Linux and CI/CD REST API GitHub,DevOps Engineer
Database Developer skilled in MySQL PostgreSQL SQL queries normalization and indexing REST API GitHub,Database Developer
Developed Python web applications with Flask Django Redis and MySQL problem solving and debugging,Python Developer
Built Django projects using Python PostgreSQL HTML CSS JavaScript and Git deployment and version control,Django Developer
UX designer experienced in user research information architecture and responsive design deployment and version control,UI UX Designer
Analyzed business data using Excel SQL Power BI dashboards and reports unit testing Agile,Data Analyst
Experienced in API development database integration server security and deployment problem solving and debugging,Backend Developer
Java developer skilled in Spring Boot Hibernate Maven MySQL REST API REST API GitHub,Java Developer
Experienced with MySQL Oracle SQL database optimization and schema design deployment and version control,Database Developer
Experienced in threat detection incident response penetration testing and security tools unit testing Agile,Cybersecurity Analyst
Created modern user interfaces using HTML CSS JavaScript and responsive layouts software development lifecycle,Frontend Developer
Developed Android apps with Kotlin Jetpack Room database and Firebase software development lifecycle,Android Developer
Created modern user interfaces using HTML CSS JavaScript and responsive layouts software development lifecycle,Frontend Developer
Built responsive websites using HTML CSS JavaScript React and Tailwind CSS unit testing Agile,Frontend Developer
Cybersecurity professional working with firewalls IDS vulnerability scanning and Linux deployment and version control,Cybersecurity Analyst
Built machine learning pipelines using Python feature engineering and model deployment unit testing Agile,Machine Learning Engineer
Experienced in cloud deployment infrastructure automation monitoring and Linux deployment and version control,DevOps Engineer
Database developer skilled in SQL joins transactions indexing and performance tuning software development lifecycle,Database Developer
UI UX professional skilled in visual design typography interaction and prototyping problem solving and debugging,UI UX Designer
Experienced with Django ORM authentication middleware templates and REST framework unit testing Agile,Django Developer
Python Django Flask REST API MySQL PostgreSQL Git Docker REST API GitHub,Python Developer
Android developer skilled in Kotlin Java Android Studio Firebase and REST APIs REST API GitHub,Android Developer
Implemented CI/CD pipelines using Jenkins Git Docker Kubernetes and AWS unit testing Agile,DevOps Engineer
Designed relational databases using SQL PostgreSQL stored procedures and triggers unit testing Agile,Database Developer
Experienced in cloud deployment infrastructure automation monitoring and Linux deployment and version control,DevOps Engineer
Django developer building web applications with PostgreSQL REST API Bootstrap REST API GitHub,Django Developer
Analyzed business data using Excel SQL Power BI dashboards and reports unit testing Agile,Data Analyst
Skilled in browser development DOM manipulation JavaScript CSS and accessibility problem solving and debugging,Frontend Developer
Developed single page applications using React JavaScript and modern frontend tools software development lifecycle,React Developer
Built Android applications using Kotlin Firebase SQLite and Material Design unit testing Agile,Android Developer
Cloud Engineer skilled in AWS Azure Docker Kubernetes Terraform and Linux REST API GitHub,Cloud Engineer
Developed Java applications using OOP JDBC Servlet JSP and PostgreSQL unit testing Agile,Java Developer
Django developer building web applications with PostgreSQL REST API Bootstrap REST API GitHub,Django Developer
Built machine learning pipelines using Python feature engineering and model deployment unit testing Agile,Machine Learning Engineer
Performed security monitoring risk assessment log analysis and incident investigation software development lifecycle,Cybersecurity Analyst
Database developer skilled in SQL joins transactions indexing and performance tuning software development lifecycle,Database Developer
Experienced in Azure cloud services containers networking monitoring and automation deployment and version control,Cloud Engineer
Machine Learning Engineer skilled in Python TensorFlow PyTorch Scikit-learn and NLP REST API GitHub,Machine Learning Engineer
Machine learning engineer using Python Scikit-learn TensorFlow and cloud deployment problem solving and debugging,Machine Learning Engineer
Database Developer skilled in MySQL PostgreSQL SQL queries normalization and indexing REST API GitHub,Database Developer
Experienced with React TypeScript Redux Tailwind CSS and API integration deployment and version control,React Developer
Python OOP scripting REST services unit testing Docker Linux software development lifecycle,Python Developer
Built scalable backend services using Node.js Express MongoDB and Redis software development lifecycle,Backend Developer
Built React applications using hooks components Axios and responsive CSS unit testing Agile,React Developer
Managed automated deployments containers cloud infrastructure and CI/CD pipelines problem solving and debugging,DevOps Engineer
Experienced in cloud deployment infrastructure automation monitoring and Linux deployment and version control,DevOps Engineer
Database Developer skilled in MySQL PostgreSQL SQL queries normalization and indexing REST API GitHub,Database Developer
Built responsive websites using HTML CSS JavaScript React and Tailwind CSS unit testing Agile,Frontend Developer
Backend developer experienced with Node.js Express REST API MongoDB and SQL REST API GitHub,Backend Developer
Built React applications using hooks components Axios and responsive CSS unit testing Agile,React Developer
Java programmer skilled in collections multithreading exception handling and SQL problem solving and debugging,Java Developer
Machine learning engineer using Python Scikit-learn TensorFlow and cloud deployment problem solving and debugging,Machine Learning Engineer
DevOps engineer working with Terraform AWS Docker Kubernetes and GitHub Actions software development lifecycle,DevOps Engineer
Cybersecurity analyst skilled in ethical hacking network security and threat analysis problem solving and debugging,Cybersecurity Analyst
Experienced in API development database integration server security and deployment problem solving and debugging,Backend Developer
Built interactive dashboards using Power BI Excel SQL and Tableau software development lifecycle,Data Analyst
UI UX professional skilled in visual design typography interaction and prototyping problem solving and debugging,UI UX Designer
Analyzed datasets and developed predictive solutions using statistics and Python problem solving and debugging,Data Scientist
Built Python automation tools using Pandas NumPy APIs and PostgreSQL deployment and version control,Python Developer
Performed security monitoring risk assessment log analysis and incident investigation software development lifecycle,Cybersecurity Analyst
Java programmer skilled in collections multithreading exception handling and SQL problem solving and debugging,Java Developer
React developer skilled in JavaScript TypeScript Redux React Router and REST APIs REST API GitHub,React Developer
Experienced in threat detection incident response penetration testing and security tools unit testing Agile,Cybersecurity Analyst
Frontend development experience with JavaScript UI components CSS and Bootstrap deployment and version control,Frontend Developer
Developed ML models for classification regression NLP and computer vision software development lifecycle,Machine Learning Engineer
React developer skilled in JavaScript TypeScript Redux React Router and REST APIs REST API GitHub,React Developer
Cloud Engineer skilled in AWS Azure Docker Kubernetes Terraform and Linux REST API GitHub,Cloud Engineer
Developed Java applications using OOP JDBC Servlet JSP and PostgreSQL unit testing Agile,Java Developer
Built responsive websites using HTML CSS JavaScript React and Tailwind CSS unit testing Agile,Frontend Developer
Designed user interfaces using Figma wireframing prototyping and usability testing unit testing Agile,UI UX Designer
Python Django Flask REST API MySQL PostgreSQL Git Docker REST API GitHub,Python Developer
Experienced in cloud deployment infrastructure automation monitoring and Linux deployment and version control,DevOps Engineer
Mobile developer skilled in Android SDK Kotlin Java REST API and debugging problem solving and debugging,Android Developer
Python developer experienced with FastAPI Flask APIs SQL Git GitHub unit testing Agile,Python Developer
UI UX Designer skilled in Figma Adobe XD wireframes prototypes and user research REST API GitHub,UI UX Designer
Experienced in cloud deployment infrastructure automation monitoring and Linux deployment and version control,DevOps Engineer
Analyzed business data using Excel SQL Power BI dashboards and reports unit testing Agile,Data Analyst
Django developer building web applications with PostgreSQL REST API Bootstrap REST API GitHub,Django Developer
Skilled in browser development DOM manipulation JavaScript CSS and accessibility problem solving and debugging,Frontend Developer
Cybersecurity analyst skilled in ethical hacking network security and threat analysis problem solving and debugging,Cybersecurity Analyst
Experienced with React TypeScript Redux Tailwind CSS and API integration deployment and version control,React Developer
Built enterprise Java applications using Hibernate REST APIs and MySQL software development lifecycle,Java Developer
Experienced with MySQL Oracle SQL database optimization and schema design deployment and version control,Database Developer
Java programmer skilled in collections multithreading exception handling and SQL problem solving and debugging,Java Developer
UX designer experienced in user research information architecture and responsive design deployment and version control,UI UX Designer
Experienced with MySQL Oracle SQL database optimization and schema design deployment and version control,Database Developer
React developer skilled in JavaScript TypeScript Redux React Router and REST APIs REST API GitHub,React Developer
Cybersecurity Analyst skilled in network security Linux vulnerability assessment and SIEM REST API GitHub,Cybersecurity Analyst
Created modern user interfaces using HTML CSS JavaScript and responsive layouts software development lifecycle,Frontend Developer
Developed scalable Django applications with Celery Redis PostgreSQL and Docker problem solving and debugging,Django Developer
Experienced in data cleaning feature engineering Python visualization and modeling deployment and version control,Data Scientist
Data Analyst skilled in SQL Excel Power BI Tableau and data visualization REST API GitHub,Data Analyst
Built Python automation tools using Pandas NumPy APIs and PostgreSQL deployment and version control,Python Developer
Django REST Framework developer with JWT authentication and API integration software development lifecycle,Django Developer
Developed Android apps with Kotlin Jetpack Room database and Firebase software development lifecycle,Android Developer
Built Android applications using Kotlin Firebase SQLite and Material Design unit testing Agile,Android Developer
React developer using reusable components state management and REST API integration problem solving and debugging,React Developer
Python Django Flask REST API MySQL PostgreSQL Git Docker REST API GitHub,Python Developer
Machine learning engineer using Python Scikit-learn TensorFlow and cloud deployment problem solving and debugging,Machine Learning Engineer
Built interactive dashboards using Power BI Excel SQL and Tableau software development lifecycle,Data Analyst
Designed scalable cloud environments using AWS infrastructure automation and security problem solving and debugging,Cloud Engineer
Experienced in data cleaning feature engineering Python visualization and modeling deployment and version control,Data Scientist
Data analyst with skills in SQL spreadsheets KPIs reporting and visualization problem solving and debugging,Data Analyst
React developer using reusable components state management and REST API integration problem solving and debugging,React Developer
UX designer experienced in user research information architecture and responsive design deployment and version control,UI UX Designer
Developed scalable Django applications with Celery Redis PostgreSQL and Docker problem solving and debugging,Django Developer
Java developer skilled in Spring Boot Hibernate Maven MySQL REST API REST API GitHub,Java Developer
Data analyst with skills in SQL spreadsheets KPIs reporting and visualization problem solving and debugging,Data Analyst
React developer using reusable components state management and REST API integration problem solving and debugging,React Developer
Frontend development experience with JavaScript UI components CSS and Bootstrap deployment and version control,Frontend Developer
Machine Learning Engineer skilled in Python TensorFlow PyTorch Scikit-learn and NLP REST API GitHub,Machine Learning Engineer
Managed automated deployments containers cloud infrastructure and CI/CD pipelines problem solving and debugging,DevOps Engineer
DevOps engineer working with Terraform AWS Docker Kubernetes and GitHub Actions software development lifecycle,DevOps Engineer
Developed Java applications using OOP JDBC Servlet JSP and PostgreSQL unit testing Agile,Java Developer
Experienced in Azure cloud services containers networking monitoring and automation deployment and version control,Cloud Engineer
Created modern user interfaces using HTML CSS JavaScript and responsive layouts software development lifecycle,Frontend Developer
Managed cloud infrastructure using AWS EC2 S3 IAM VPC and Terraform unit testing Agile,Cloud Engineer
React developer skilled in JavaScript TypeScript Redux React Router and REST APIs REST API GitHub,React Developer
Backend engineer skilled in REST APIs PostgreSQL authentication caching and Git deployment and version control,Backend Developer
Frontend development experience with JavaScript UI components CSS and Bootstrap deployment and version control,Frontend Developer
Experienced with deep learning TensorFlow PyTorch APIs Docker and model serving deployment and version control,Machine Learning Engineer
Developed single page applications using React JavaScript and modern frontend tools software development lifecycle,React Developer
Data science projects using Jupyter Pandas NumPy Matplotlib and Scikit-learn software development lifecycle,Data Scientist
Cybersecurity analyst skilled in ethical hacking network security and threat analysis problem solving and debugging,Cybersecurity Analyst
Built Django projects using Python PostgreSQL HTML CSS JavaScript and Git deployment and version control,Django Developer
Experienced in threat detection incident response penetration testing and security tools unit testing Agile,Cybersecurity Analyst
Python Django Flask REST API MySQL PostgreSQL Git Docker REST API GitHub,Python Developer
Developed Android apps with Kotlin Jetpack Room database and Firebase software development lifecycle,Android Developer
React developer using reusable components state management and REST API integration problem solving and debugging,React Developer
Django developer building web applications with PostgreSQL REST API Bootstrap REST API GitHub,Django Developer
Built Python automation tools using Pandas NumPy APIs and PostgreSQL deployment and version control,Python Developer
Created mobile and web prototypes using Figma design systems and user flows software development lifecycle,UI UX Designer
React developer using reusable components state management and REST API integration problem solving and debugging,React Developer
Skilled in browser development DOM manipulation JavaScript CSS and accessibility problem solving and debugging,Frontend Developer
Implemented CI/CD pipelines using Jenkins Git Docker Kubernetes and AWS unit testing Agile,DevOps Engineer
Implemented CI/CD pipelines using Jenkins Git Docker Kubernetes and AWS unit testing Agile,DevOps Engineer
Python developer experienced with FastAPI Flask APIs SQL Git GitHub unit testing Agile,Python Developer
Built predictive models using Python machine learning Pandas and statistical analysis unit testing Agile,Data Scientist
Database Developer skilled in MySQL PostgreSQL SQL queries normalization and indexing REST API GitHub,Database Developer
Skilled in browser development DOM manipulation JavaScript CSS and accessibility problem solving and debugging,Frontend Developer
Frontend development experience with JavaScript UI components CSS and Bootstrap deployment and version control,Frontend Developer
Experienced with Django ORM authentication middleware templates and REST framework unit testing Agile,Django Developer
Data Analyst skilled in SQL Excel Power BI Tableau and data visualization REST API GitHub,Data Analyst
Machine Learning Engineer skilled in Python TensorFlow PyTorch Scikit-learn and NLP REST API GitHub,Machine Learning Engineer
Analyzed business data using Excel SQL Power BI dashboards and reports unit testing Agile,Data Analyst
Built database solutions using PostgreSQL MySQL ER modeling and query optimization problem solving and debugging,Database Developer
UX designer experienced in user research information architecture and responsive design deployment and version control,UI UX Designer
Experienced with React TypeScript Redux Tailwind CSS and API integration deployment and version control,React Developer
Experienced with MySQL Oracle SQL database optimization and schema design deployment and version control,Database Developer
Developed server-side applications using Python APIs databases authentication and Docker unit testing Agile,Backend Developer
React developer skilled in JavaScript TypeScript Redux React Router and REST APIs REST API GitHub,React Developer
Skilled in browser development DOM manipulation JavaScript CSS and accessibility problem solving and debugging,Frontend Developer
Built React applications using hooks components Axios and responsive CSS unit testing Agile,React Developer
UI UX professional skilled in visual design typography interaction and prototyping problem solving and debugging,UI UX Designer
Cloud engineer working with AWS Kubernetes Docker Terraform and CI/CD software development lifecycle,Cloud Engineer
Built database solutions using PostgreSQL MySQL ER modeling and query optimization problem solving and debugging,Database Developer
Analyzed business data using Excel SQL Power BI dashboards and reports unit testing Agile,Data Analyst
Developed Android apps with Kotlin Jetpack Room database and Firebase software development lifecycle,Android Developer
Managed automated deployments containers cloud infrastructure and CI/CD pipelines problem solving and debugging,DevOps Engineer
Database developer skilled in SQL joins transactions indexing and performance tuning software development lifecycle,Database Developer
Java developer skilled in Spring Boot Hibernate Maven MySQL REST API REST API GitHub,Java Developer
Implemented CI/CD pipelines using Jenkins Git Docker Kubernetes and AWS unit testing Agile,DevOps Engineer
Experienced with deep learning TensorFlow PyTorch APIs Docker and model serving deployment and version control,Machine Learning Engineer
React developer skilled in JavaScript TypeScript Redux React Router and REST APIs REST API GitHub,React Developer
Developed scalable Django applications with Celery Redis PostgreSQL and Docker problem solving and debugging,Django Developer
Experienced with Django ORM authentication middleware templates and REST framework unit testing Agile,Django Developer
Managed automated deployments containers cloud infrastructure and CI/CD pipelines problem solving and debugging,DevOps Engineer
Django REST Framework developer with JWT authentication and API integration software development lifecycle,Django Developer
Developed ML models for classification regression NLP and computer vision software development lifecycle,Machine Learning Engineer
Cloud engineer working with AWS Kubernetes Docker Terraform and CI/CD software development lifecycle,Cloud Engineer
Django developer building web applications with PostgreSQL REST API Bootstrap REST API GitHub,Django Developer
Cybersecurity Analyst skilled in network security Linux vulnerability assessment and SIEM REST API GitHub,Cybersecurity Analyst
Database developer skilled in SQL joins transactions indexing and performance tuning software development lifecycle,Database Developer
Frontend developer skilled in HTML CSS JavaScript Bootstrap and responsive design REST API GitHub,Frontend Developer
Developed Python web applications with Flask Django Redis and MySQL problem solving and debugging,Python Developer
Skilled in browser development DOM manipulation JavaScript CSS and accessibility problem solving and debugging,Frontend Developer
Developed server-side applications using Python APIs databases authentication and Docker unit testing Agile,Backend Developer
Built predictive models using Python machine learning Pandas and statistical analysis unit testing Agile,Data Scientist
Designed relational databases using SQL PostgreSQL stored procedures and triggers unit testing Agile,Database Developer
Developed Python web applications with Flask Django Redis and MySQL problem solving and debugging,Python Developer
Built machine learning pipelines using Python feature engineering and model deployment unit testing Agile,Machine Learning Engineer
Built scalable backend services using Node.js Express MongoDB and Redis software development lifecycle,Backend Developer
Android developer skilled in Kotlin Java Android Studio Firebase and REST APIs REST API GitHub,Android Developer
Python Django Flask REST API MySQL PostgreSQL Git Docker REST API GitHub,Python Developer
Experienced in cloud deployment infrastructure automation monitoring and Linux deployment and version control,DevOps Engineer
Implemented CI/CD pipelines using Jenkins Git Docker Kubernetes and AWS unit testing Agile,DevOps Engineer
Developed Java applications using OOP JDBC Servlet JSP and PostgreSQL unit testing Agile,Java Developer
Experienced in Azure cloud services containers networking monitoring and automation deployment and version control,Cloud Engineer
Experienced in data cleaning feature engineering Python visualization and modeling deployment and version control,Data Scientist
Experienced with MySQL Oracle SQL database optimization and schema design deployment and version control,Database Developer
UI UX professional skilled in visual design typography interaction and prototyping problem solving and debugging,UI UX Designer
Experienced in threat detection incident response penetration testing and security tools unit testing Agile,Cybersecurity Analyst
Cloud Engineer skilled in AWS Azure Docker Kubernetes Terraform and Linux REST API GitHub,Cloud Engineer
UI UX Designer skilled in Figma Adobe XD wireframes prototypes and user research REST API GitHub,UI UX Designer
Backend engineer skilled in REST APIs PostgreSQL authentication caching and Git deployment and version control,Backend Developer
Experienced in Android Studio Java Kotlin API integration and mobile UI development deployment and version control,Android Developer
Experienced with Django ORM authentication middleware templates and REST framework unit testing Agile,Django Developer
Machine Learning Engineer skilled in Python TensorFlow PyTorch Scikit-learn and NLP REST API GitHub,Machine Learning Engineer
Built enterprise Java applications using Hibernate REST APIs and MySQL software development lifecycle,Java Developer
Designed scalable cloud environments using AWS infrastructure automation and security problem solving and debugging,Cloud Engineer
Developed ML models for classification regression NLP and computer vision software development lifecycle,Machine Learning Engineer
Cybersecurity professional working with firewalls IDS vulnerability scanning and Linux deployment and version control,Cybersecurity Analyst
Cloud Engineer skilled in AWS Azure Docker Kubernetes Terraform and Linux REST API GitHub,Cloud Engineer
Cloud engineer working with AWS Kubernetes Docker Terraform and CI/CD software development lifecycle,Cloud Engineer
Python OOP scripting REST services unit testing Docker Linux software development lifecycle,Python Developer
Cybersecurity Analyst skilled in network security Linux vulnerability assessment and SIEM REST API GitHub,Cybersecurity Analyst
Experienced Java developer with Spring MVC Spring Boot JPA Git and Docker deployment and version control,Java Developer
Built interactive dashboards using Power BI Excel SQL and Tableau software development lifecycle,Data Analyst
Performed security monitoring risk assessment log analysis and incident investigation software development lifecycle,Cybersecurity Analyst
UI UX professional skilled in visual design typography interaction and prototyping problem solving and debugging,UI UX Designer
Designed user interfaces using Figma wireframing prototyping and usability testing unit testing Agile,UI UX Designer
Developed Android apps with Kotlin Jetpack Room database and Firebase software development lifecycle,Android Developer
Managed cloud infrastructure using AWS EC2 S3 IAM VPC and Terraform unit testing Agile,Cloud Engineer
Experienced in threat detection incident response penetration testing and security tools unit testing Agile,Cybersecurity Analyst
Experienced in Azure cloud services containers networking monitoring and automation deployment and version control,Cloud Engineer
UX designer experienced in user research information architecture and responsive design deployment and version control,UI UX Designer
Developed single page applications using React JavaScript and modern frontend tools software development lifecycle,React Developer
Django developer building web applications with PostgreSQL REST API Bootstrap REST API GitHub,Django Developer
Experienced in Azure cloud services containers networking monitoring and automation deployment and version control,Cloud Engineer
Database developer skilled in SQL joins transactions indexing and performance tuning software development lifecycle,Database Developer
Python developer experienced with FastAPI Flask APIs SQL Git GitHub unit testing Agile,Python Developer
DevOps Engineer skilled in AWS Docker Kubernetes Jenkins Linux and CI/CD REST API GitHub,DevOps Engineer
Built responsive websites using HTML CSS JavaScript React and Tailwind CSS unit testing Agile,Frontend Developer
DevOps Engineer skilled in AWS Docker Kubernetes Jenkins Linux and CI/CD REST API GitHub,DevOps Engineer
Machine Learning Engineer skilled in Python TensorFlow PyTorch Scikit-learn and NLP REST API GitHub,Machine Learning Engineer
UI UX professional skilled in visual design typography interaction and prototyping problem solving and debugging,UI UX Designer
Data Scientist skilled in Python Pandas NumPy Scikit-learn statistics and visualization REST API GitHub,Data Scientist
Analyzed datasets and developed predictive solutions using statistics and Python problem solving and debugging,Data Scientist
Python Django Flask REST API MySQL PostgreSQL Git Docker REST API GitHub,Python Developer
Experienced in Android Studio Java Kotlin API integration and mobile UI development deployment and version control,Android Developer
UX designer experienced in user research information architecture and responsive design deployment and version control,UI UX Designer
Built React applications using hooks components Axios and responsive CSS unit testing Agile,React Developer
Built database solutions using PostgreSQL MySQL ER modeling and query optimization problem solving and debugging,Database Developer
UI UX professional skilled in visual design typography interaction and prototyping problem solving and debugging,UI UX Designer
Mobile developer skilled in Android SDK Kotlin Java REST API and debugging problem solving and debugging,Android Developer
Experienced Java developer with Spring MVC Spring Boot JPA Git and Docker deployment and version control,Java Developer
Django developer building web applications with PostgreSQL REST API Bootstrap REST API GitHub,Django Developer
Python OOP scripting REST services unit testing Docker Linux software development lifecycle,Python Developer
Experienced in Azure cloud services containers networking monitoring and automation deployment and version control,Cloud Engineer
Experienced with Django ORM authentication middleware templates and REST framework unit testing Agile,Django Developer
Built machine learning pipelines using Python feature engineering and model deployment unit testing Agile,Machine Learning Engineer
Experienced with deep learning TensorFlow PyTorch APIs Docker and model serving deployment and version control,Machine Learning Engineer
Experienced Java developer with Spring MVC Spring Boot JPA Git and Docker deployment and version control,Java Developer
Performed security monitoring risk assessment log analysis and incident investigation software development lifecycle,Cybersecurity Analyst
Cybersecurity professional working with firewalls IDS vulnerability scanning and Linux deployment and version control,Cybersecurity Analyst
Analyzed business data using Excel SQL Power BI dashboards and reports unit testing Agile,Data Analyst
Implemented CI/CD pipelines using Jenkins Git Docker Kubernetes and AWS unit testing Agile,DevOps Engineer
Analyzed business data using Excel SQL Power BI dashboards and reports unit testing Agile,Data Analyst
Experienced in cloud deployment infrastructure automation monitoring and Linux deployment and version control,DevOps Engineer
Cloud engineer working with AWS Kubernetes Docker Terraform and CI/CD software development lifecycle,Cloud Engineer
Developed server-side applications using Python APIs databases authentication and Docker unit testing Agile,Backend Developer
DevOps Engineer skilled in AWS Docker Kubernetes Jenkins Linux and CI/CD REST API GitHub,DevOps Engineer
UI UX Designer skilled in Figma Adobe XD wireframes prototypes and user research REST API GitHub,UI UX Designer
Managed cloud infrastructure using AWS EC2 S3 IAM VPC and Terraform unit testing Agile,Cloud Engineer
Built responsive websites using HTML CSS JavaScript React and Tailwind CSS unit testing Agile,Frontend Developer
Created mobile and web prototypes using Figma design systems and user flows software development lifecycle,UI UX Designer
Built scalable backend services using Node.js Express MongoDB and Redis software development lifecycle,Backend Developer
Experienced Java developer with Spring MVC Spring Boot JPA Git and Docker deployment and version control,Java Developer
Machine Learning Engineer skilled in Python TensorFlow PyTorch Scikit-learn and NLP REST API GitHub,Machine Learning Engineer
Android developer skilled in Kotlin Java Android Studio Firebase and REST APIs REST API GitHub,Android Developer
Built interactive dashboards using Power BI Excel SQL and Tableau software development lifecycle,Data Analyst
Experienced with deep learning TensorFlow PyTorch APIs Docker and model serving deployment and version control,Machine Learning Engineer
Built React applications using hooks components Axios and responsive CSS unit testing Agile,React Developer
Built responsive websites using HTML CSS JavaScript React and Tailwind CSS unit testing Agile,Frontend Developer
Experienced in API development database integration server security and deployment problem solving and debugging,Backend Developer
React developer skilled in JavaScript TypeScript Redux React Router and REST APIs REST API GitHub,React Developer
Managed automated deployments containers cloud infrastructure and CI/CD pipelines problem solving and debugging,DevOps Engineer
Frontend developer skilled in HTML CSS JavaScript Bootstrap and responsive design REST API GitHub,Frontend Developer
Django developer building web applications with PostgreSQL REST API Bootstrap REST API GitHub,Django Developer
Developed server-side applications using Python APIs databases authentication and Docker unit testing Agile,Backend Developer
Built interactive dashboards using Power BI Excel SQL and Tableau software development lifecycle,Data Analyst
Backend developer experienced with Node.js Express REST API MongoDB and SQL REST API GitHub,Backend Developer
Experienced with MySQL Oracle SQL database optimization and schema design deployment and version control,Database Developer
Created mobile and web prototypes using Figma design systems and user flows software development lifecycle,UI UX Designer
Built database solutions using PostgreSQL MySQL ER modeling and query optimization problem solving and debugging,Database Developer
Created modern user interfaces using HTML CSS JavaScript and responsive layouts software development lifecycle,Frontend Developer
Built Python automation tools using Pandas NumPy APIs and PostgreSQL deployment and version control,Python Developer
Cloud engineer working with AWS Kubernetes Docker Terraform and CI/CD software development lifecycle,Cloud Engineer
Cloud Engineer skilled in AWS Azure Docker Kubernetes Terraform and Linux REST API GitHub,Cloud Engineer
Designed relational databases using SQL PostgreSQL stored procedures and triggers unit testing Agile,Database Developer
Experienced in API development database integration server security and deployment problem solving and debugging,Backend Developer
Built React applications using hooks components Axios and responsive CSS unit testing Agile,React Developer
Created modern user interfaces using HTML CSS JavaScript and responsive layouts software development lifecycle,Frontend Developer
Managed automated deployments containers cloud infrastructure and CI/CD pipelines problem solving and debugging,DevOps Engineer
React developer using reusable components state management and REST API integration problem solving and debugging,React Developer
Experienced in Android Studio Java Kotlin API integration and mobile UI development deployment and version control,Android Developer
Built scalable backend services using Node.js Express MongoDB and Redis software development lifecycle,Backend Developer
Data science projects using Jupyter Pandas NumPy Matplotlib and Scikit-learn software development lifecycle,Data Scientist
Machine learning engineer using Python Scikit-learn TensorFlow and cloud deployment problem solving and debugging,Machine Learning Engineer
Built enterprise Java applications using Hibernate REST APIs and MySQL software development lifecycle,Java Developer
UI UX Designer skilled in Figma Adobe XD wireframes prototypes and user research REST API GitHub,UI UX Designer
Cloud Engineer skilled in AWS Azure Docker Kubernetes Terraform and Linux REST API GitHub,Cloud Engineer
DevOps Engineer skilled in AWS Docker Kubernetes Jenkins Linux and CI/CD REST API GitHub,DevOps Engineer
Developed Java applications using OOP JDBC Servlet JSP and PostgreSQL unit testing Agile,Java Developer
Cybersecurity analyst skilled in ethical hacking network security and threat analysis problem solving and debugging,Cybersecurity Analyst
Android developer skilled in Kotlin Java Android Studio Firebase and REST APIs REST API GitHub,Android Developer
Experienced with Django ORM authentication middleware templates and REST framework unit testing Agile,Django Developer
Android developer skilled in Kotlin Java Android Studio Firebase and REST APIs REST API GitHub,Android Developer
React developer using reusable components state management and REST API integration problem solving and debugging,React Developer
Designed user interfaces using Figma wireframing prototyping and usability testing unit testing Agile,UI UX Designer
Backend developer experienced with Node.js Express REST API MongoDB and SQL REST API GitHub,Backend Developer
Built React applications using hooks components Axios and responsive CSS unit testing Agile,React Developer
Created modern user interfaces using HTML CSS JavaScript and responsive layouts software development lifecycle,Frontend Developer
Data science projects using Jupyter Pandas NumPy Matplotlib and Scikit-learn software development lifecycle,Data Scientist
Analyzed datasets and developed predictive solutions using statistics and Python problem solving and debugging,Data Scientist
Experienced Java developer with Spring MVC Spring Boot JPA Git and Docker deployment and version control,Java Developer
Data science projects using Jupyter Pandas NumPy Matplotlib and Scikit-learn software development lifecycle,Data Scientist
Experienced with MySQL Oracle SQL database optimization and schema design deployment and version control,Database Developer
Experienced in Android Studio Java Kotlin API integration and mobile UI development deployment and version control,Android Developer
Experienced in data cleaning SQL reporting visualization and business intelligence deployment and version control,Data Analyst
UI UX Designer skilled in Figma Adobe XD wireframes prototypes and user research REST API GitHub,UI UX Designer
Created mobile and web prototypes using Figma design systems and user flows software development lifecycle,UI UX Designer
Experienced with Django ORM authentication middleware templates and REST framework unit testing Agile,Django Developer
Cybersecurity analyst skilled in ethical hacking network security and threat analysis problem solving and debugging,Cybersecurity Analyst
UI UX professional skilled in visual design typography interaction and prototyping problem solving and debugging,UI UX Designer
Cybersecurity professional working with firewalls IDS vulnerability scanning and Linux deployment and version control,Cybersecurity Analyst
Developed scalable Django applications with Celery Redis PostgreSQL and Docker problem solving and debugging,Django Developer
Built scalable backend services using Node.js Express MongoDB and Redis software development lifecycle,Backend Developer
Cloud Engineer skilled in AWS Azure Docker Kubernetes Terraform and Linux REST API GitHub,Cloud Engineer
Frontend development experience with JavaScript UI components CSS and Bootstrap deployment and version control,Frontend Developer
Experienced with React TypeScript Redux Tailwind CSS and API integration deployment and version control,React Developer
Python developer experienced with FastAPI Flask APIs SQL Git GitHub unit testing Agile,Python Developer
Developed scalable Django applications with Celery Redis PostgreSQL and Docker problem solving and debugging,Django Developer
Built React applications using hooks components Axios and responsive CSS unit testing Agile,React Developer
Experienced Java developer with Spring MVC Spring Boot JPA Git and Docker deployment and version control,Java Developer
DevOps Engineer skilled in AWS Docker Kubernetes Jenkins Linux and CI/CD REST API GitHub,DevOps Engineer
Data Scientist skilled in Python Pandas NumPy Scikit-learn statistics and visualization REST API GitHub,Data Scientist
Cybersecurity analyst skilled in ethical hacking network security and threat analysis problem solving and debugging,Cybersecurity Analyst
Performed security monitoring risk assessment log analysis and incident investigation software development lifecycle,Cybersecurity Analyst
Android developer skilled in Kotlin Java Android Studio Firebase and REST APIs REST API GitHub,Android Developer
Android developer skilled in Kotlin Java Android Studio Firebase and REST APIs REST API GitHub,Android Developer
Experienced with MySQL Oracle SQL database optimization and schema design deployment and version control,Database Developer
Backend engineer skilled in REST APIs PostgreSQL authentication caching and Git deployment and version control,Backend Developer
Managed automated deployments containers cloud infrastructure and CI/CD pipelines problem solving and debugging,DevOps Engineer
Django REST Framework developer with JWT authentication and API integration software development lifecycle,Django Developer
Experienced in data cleaning feature engineering Python visualization and modeling deployment and version control,Data Scientist
Django developer building web applications with PostgreSQL REST API Bootstrap REST API GitHub,Django Developer
DevOps engineer working with Terraform AWS Docker Kubernetes and GitHub Actions software development lifecycle,DevOps Engineer
Built machine learning pipelines using Python feature engineering and model deployment unit testing Agile,Machine Learning Engineer
Managed cloud infrastructure using AWS EC2 S3 IAM VPC and Terraform unit testing Agile,Cloud Engineer
Developed Python web applications with Flask Django Redis and MySQL problem solving and debugging,Python Developer
Built database solutions using PostgreSQL MySQL ER modeling and query optimization problem solving and debugging,Database Developer
Backend engineer skilled in REST APIs PostgreSQL authentication caching and Git deployment and version control,Backend Developer
Android developer skilled in Kotlin Java Android Studio Firebase and REST APIs REST API GitHub,Android Developer
Experienced in data cleaning feature engineering Python visualization and modeling deployment and version control,Data Scientist
Database Developer skilled in MySQL PostgreSQL SQL queries normalization and indexing REST API GitHub,Database Developer
Experienced in data cleaning feature engineering Python visualization and modeling deployment and version control,Data Scientist
Built Django projects using Python PostgreSQL HTML CSS JavaScript and Git deployment and version control,Django Developer
Analyzed datasets and developed predictive solutions using statistics and Python problem solving and debugging,Data Scientist
Built Django projects using Python PostgreSQL HTML CSS JavaScript and Git deployment and version control,Django Developer
Designed user interfaces using Figma wireframing prototyping and usability testing unit testing Agile,UI UX Designer
Analyzed datasets and developed predictive solutions using statistics and Python problem solving and debugging,Data Scientist
Cloud Engineer skilled in AWS Azure Docker Kubernetes Terraform and Linux REST API GitHub,Cloud Engineer
Skilled in browser development DOM manipulation JavaScript CSS and accessibility problem solving and debugging,Frontend Developer
Java developer skilled in Spring Boot Hibernate Maven MySQL REST API REST API GitHub,Java Developer
UI UX Designer skilled in Figma Adobe XD wireframes prototypes and user research REST API GitHub,UI UX Designer
Data science projects using Jupyter Pandas NumPy Matplotlib and Scikit-learn software development lifecycle,Data Scientist
UI UX professional skilled in visual design typography interaction and prototyping problem solving and debugging,UI UX Designer
React developer using reusable components state management and REST API integration problem solving and debugging,React Developer
Java programmer skilled in collections multithreading exception handling and SQL problem solving and debugging,Java Developer
Database developer skilled in SQL joins transactions indexing and performance tuning software development lifecycle,Database Developer
Managed cloud infrastructure using AWS EC2 S3 IAM VPC and Terraform unit testing Agile,Cloud Engineer
Python developer experienced with FastAPI Flask APIs SQL Git GitHub unit testing Agile,Python Developer
Cybersecurity professional working with firewalls IDS vulnerability scanning and Linux deployment and version control,Cybersecurity Analyst
Designed relational databases using SQL PostgreSQL stored procedures and triggers unit testing Agile,Database Developer
Developed server-side applications using Python APIs databases authentication and Docker unit testing Agile,Backend Developer
Android developer skilled in Kotlin Java Android Studio Firebase and REST APIs REST API GitHub,Android Developer
Experienced in data cleaning SQL reporting visualization and business intelligence deployment and version control,Data Analyst
Skilled in browser development DOM manipulation JavaScript CSS and accessibility problem solving and debugging,Frontend Developer
Experienced in data cleaning SQL reporting visualization and business intelligence deployment and version control,Data Analyst
UX designer experienced in user research information architecture and responsive design deployment and version control,UI UX Designer
Developed single page applications using React JavaScript and modern frontend tools software development lifecycle,React Developer
Experienced in Android Studio Java Kotlin API integration and mobile UI development deployment and version control,Android Developer
Developed single page applications using React JavaScript and modern frontend tools software development lifecycle,React Developer
Frontend development experience with JavaScript UI components CSS and Bootstrap deployment and version control,Frontend Developer
DevOps engineer working with Terraform AWS Docker Kubernetes and GitHub Actions software development lifecycle,DevOps Engineer
Built Python automation tools using Pandas NumPy APIs and PostgreSQL deployment and version control,Python Developer
Developed Android apps with Kotlin Jetpack Room database and Firebase software development lifecycle,Android Developer
Developed ML models for classification regression NLP and computer vision software development lifecycle,Machine Learning Engineer
Frontend development experience with JavaScript UI components CSS and Bootstrap deployment and version control,Frontend Developer
Frontend development experience with JavaScript UI components CSS and Bootstrap deployment and version control,Frontend Developer
Django REST Framework developer with JWT authentication and API integration software development lifecycle,Django Developer
Python Django Flask REST API MySQL PostgreSQL Git Docker REST API GitHub,Python Developer
Built Python automation tools using Pandas NumPy APIs and PostgreSQL deployment and version control,Python Developer
Data Analyst skilled in SQL Excel Power BI Tableau and data visualization REST API GitHub,Data Analyst
Built Android applications using Kotlin Firebase SQLite and Material Design unit testing Agile,Android Developer
Built Django projects using Python PostgreSQL HTML CSS JavaScript and Git deployment and version control,Django Developer
Experienced in cloud deployment infrastructure automation monitoring and Linux deployment and version control,DevOps Engineer
Cybersecurity Analyst skilled in network security Linux vulnerability assessment and SIEM REST API GitHub,Cybersecurity Analyst
Experienced in Azure cloud services containers networking monitoring and automation deployment and version control,Cloud Engineer
Experienced with React TypeScript Redux Tailwind CSS and API integration deployment and version control,React Developer
Built Django projects using Python PostgreSQL HTML CSS JavaScript and Git deployment and version control,Django Developer
Cloud engineer working with AWS Kubernetes Docker Terraform and CI/CD software development lifecycle,Cloud Engineer
Built enterprise Java applications using Hibernate REST APIs and MySQL software development lifecycle,Java Developer
Frontend development experience with JavaScript UI components CSS and Bootstrap deployment and version control,Frontend Developer
Skilled in browser development DOM manipulation JavaScript CSS and accessibility problem solving and debugging,Frontend Developer
Built scalable backend services using Node.js Express MongoDB and Redis software development lifecycle,Backend Developer
Cloud engineer working with AWS Kubernetes Docker Terraform and CI/CD software development lifecycle,Cloud Engineer
Python Django Flask REST API MySQL PostgreSQL Git Docker REST API GitHub,Python Developer
Built Django projects using Python PostgreSQL HTML CSS JavaScript and Git deployment and version control,Django Developer
